country_name,countryiso3code,date,gdp_growth,inflation_rate
High income,,2000,4.27924118161395,
High income,,2000,4.27924118161395,
High income,,2000,4.27924118161395,
High income,,2000,4.27924118161395,
High income,,2000,4.27924118161395,
Low income,,2000,2.83826842349872,
Low income,,2000,2.83826842349872,
Low income,,2000,2.83826842349872,
Low income,,2000,2.83826842349872,
Low income,,2000,2.83826842349872,
Lower middle income,,2000,4.20976464997483,
Lower middle income,,2000,4.20976464997483,
Lower middle income,,2000,4.20976464997483,
Lower middle income,,2000,4.20976464997483,
Lower middle income,,2000,4.20976464997483,
Not classified,,2000,,
Not classified,,2000,,
Not classified,,2000,,
Not classified,,2000,,
Not classified,,2000,,
Upper middle income,,2000,6.01794678943035,
Upper middle income,,2000,6.01794678943035,
Upper middle income,,2000,6.01794678943035,
Upper middle income,,2000,6.01794678943035,
Upper middle income,,2000,6.01794678943035,
High income,,2001,1.58670808456758,
High income,,2001,1.58670808456758,
High income,,2001,1.58670808456758,
High income,,2001,1.58670808456758,
High income,,2001,1.58670808456758,
Low income,,2001,4.03284976950866,
Low income,,2001,4.03284976950866,
Low income,,2001,4.03284976950866,
Low income,,2001,4.03284976950866,
Low income,,2001,4.03284976950866,
Lower middle income,,2001,4.33805580241011,
Lower middle income,,2001,4.33805580241011,
Lower middle income,,2001,4.33805580241011,
Lower middle income,,2001,4.33805580241011,
Lower middle income,,2001,4.33805580241011,
Not classified,,2001,,
Not classified,,2001,,
Not classified,,2001,,
Not classified,,2001,,
Not classified,,2001,,
Upper middle income,,2001,3.46285030442375,
Upper middle income,,2001,3.46285030442375,
Upper middle income,,2001,3.46285030442375,
Upper middle income,,2001,3.46285030442375,
Upper middle income,,2001,3.46285030442375,
High income,,2002,1.63889237440704,
High income,,2002,1.63889237440704,
High income,,2002,1.63889237440704,
High income,,2002,1.63889237440704,
High income,,2002,1.63889237440704,
Low income,,2002,5.27663214210902,
Low income,,2002,5.27663214210902,
Low income,,2002,5.27663214210902,
Low income,,2002,5.27663214210902,
Low income,,2002,5.27663214210902,
Lower middle income,,2002,4.52933289264624,
Lower middle income,,2002,4.52933289264624,
Lower middle income,,2002,4.52933289264624,
Lower middle income,,2002,4.52933289264624,
Lower middle income,,2002,4.52933289264624,
Not classified,,2002,,
Not classified,,2002,,
Not classified,,2002,,
Not classified,,2002,,
Not classified,,2002,,
Upper middle income,,2002,4.86475919995971,
Upper middle income,,2002,4.86475919995971,
Upper middle income,,2002,4.86475919995971,
Upper middle income,,2002,4.86475919995971,
Upper middle income,,2002,4.86475919995971,
High income,,2003,2.29635590568382,
High income,,2003,2.29635590568382,
High income,,2003,2.29635590568382,
High income,,2003,2.29635590568382,
High income,,2003,2.29635590568382,
Low income,,2003,5.67685116146902,
Low income,,2003,5.67685116146902,
Low income,,2003,5.67685116146902,
Low income,,2003,5.67685116146902,
Low income,,2003,5.67685116146902,
Lower middle income,,2003,5.94737995784718,
Lower middle income,,2003,5.94737995784718,
Lower middle income,,2003,5.94737995784718,
Lower middle income,,2003,5.94737995784718,
Lower middle income,,2003,5.94737995784718,
Not classified,,2003,,
Not classified,,2003,,
Not classified,,2003,,
Not classified,,2003,,
Not classified,,2003,,
Upper middle income,,2003,5.94126759667995,
Upper middle income,,2003,5.94126759667995,
Upper middle income,,2003,5.94126759667995,
Upper middle income,,2003,5.94126759667995,
Upper middle income,,2003,5.94126759667995,
High income,,2004,3.51505087433188,
High income,,2004,3.51505087433188,
High income,,2004,3.51505087433188,
High income,,2004,3.51505087433188,
High income,,2004,3.51505087433188,
Low income,,2004,5.71381643155568,
Low income,,2004,5.71381643155568,
Low income,,2004,5.71381643155568,
Low income,,2004,5.71381643155568,
Low income,,2004,5.71381643155568,
Lower middle income,,2004,7.11122191426183,
Lower middle income,,2004,7.11122191426183,
Lower middle income,,2004,7.11122191426183,
Lower middle income,,2004,7.11122191426183,
Lower middle income,,2004,7.11122191426183,
Not classified,,2004,,
Not classified,,2004,,
Not classified,,2004,,
Not classified,,2004,,
Not classified,,2004,,
Upper middle income,,2004,7.89021521972757,
Upper middle income,,2004,7.89021521972757,
Upper middle income,,2004,7.89021521972757,
Upper middle income,,2004,7.89021521972757,
Upper middle income,,2004,7.89021521972757,
High income,,2005,3.00189844835157,
High income,,2005,3.00189844835157,
High income,,2005,3.00189844835157,
High income,,2005,3.00189844835157,
High income,,2005,3.00189844835157,
Low income,,2005,6.04169652884509,
Low income,,2005,6.04169652884509,
Low income,,2005,6.04169652884509,
Low income,,2005,6.04169652884509,
Low income,,2005,6.04169652884509,
Lower middle income,,2005,6.70247814935334,
Lower middle income,,2005,6.70247814935334,
Lower middle income,,2005,6.70247814935334,
Lower middle income,,2005,6.70247814935334,
Lower middle income,,2005,6.70247814935334,
Not classified,,2005,,
Not classified,,2005,,
Not classified,,2005,,
Not classified,,2005,,
Not classified,,2005,,
Upper middle income,,2005,7.58111506944297,
Upper middle income,,2005,7.58111506944297,
Upper middle income,,2005,7.58111506944297,
Upper middle income,,2005,7.58111506944297,
Upper middle income,,2005,7.58111506944297,
High income,,2006,3.24109747038423,
High income,,2006,3.24109747038423,
High income,,2006,3.24109747038423,
High income,,2006,3.24109747038423,
High income,,2006,3.24109747038423,
Low income,,2006,5.26944454455264,
Low income,,2006,5.26944454455264,
Low income,,2006,5.26944454455264,
Low income,,2006,5.26944454455264,
Low income,,2006,5.26944454455264,
Lower middle income,,2006,6.98079639053688,
Lower middle income,,2006,6.98079639053688,
Lower middle income,,2006,6.98079639053688,
Lower middle income,,2006,6.98079639053688,
Lower middle income,,2006,6.98079639053688,
Not classified,,2006,,
Not classified,,2006,,
Not classified,,2006,,
Not classified,,2006,,
Not classified,,2006,,
Upper middle income,,2006,8.62400866759934,
Upper middle income,,2006,8.62400866759934,
Upper middle income,,2006,8.62400866759934,
Upper middle income,,2006,8.62400866759934,
Upper middle income,,2006,8.62400866759934,
High income,,2007,2.88861109465253,
High income,,2007,2.88861109465253,
High income,,2007,2.88861109465253,
High income,,2007,2.88861109465253,
High income,,2007,2.88861109465253,
Low income,,2007,5.62739737045234,
Low income,,2007,5.62739737045234,
Low income,,2007,5.62739737045234,
Low income,,2007,5.62739737045234,
Low income,,2007,5.62739737045234,
Lower middle income,,2007,6.88692608053312,
Lower middle income,,2007,6.88692608053312,
Lower middle income,,2007,6.88692608053312,
Lower middle income,,2007,6.88692608053312,
Lower middle income,,2007,6.88692608053312,
Not classified,,2007,,
Not classified,,2007,,
Not classified,,2007,,
Not classified,,2007,,
Not classified,,2007,,
Upper middle income,,2007,9.43196907169563,
Upper middle income,,2007,9.43196907169563,
Upper middle income,,2007,9.43196907169563,
Upper middle income,,2007,9.43196907169563,
Upper middle income,,2007,9.43196907169563,
High income,,2008,0.689192769450784,
High income,,2008,0.689192769450784,
High income,,2008,0.689192769450784,
High income,,2008,0.689192769450784,
High income,,2008,0.689192769450784,
Low income,,2008,4.98754213125004,
Low income,,2008,4.98754213125004,
Low income,,2008,4.98754213125004,
Low income,,2008,4.98754213125004,
Low income,,2008,4.98754213125004,
Lower middle income,,2008,4.59018809297731,
Lower middle income,,2008,4.59018809297731,
Lower middle income,,2008,4.59018809297731,
Lower middle income,,2008,4.59018809297731,
Lower middle income,,2008,4.59018809297731,
Not classified,,2008,,
Not classified,,2008,,
Not classified,,2008,,
Not classified,,2008,,
Not classified,,2008,,
Upper middle income,,2008,6.31332594891273,
Upper middle income,,2008,6.31332594891273,
Upper middle income,,2008,6.31332594891273,
Upper middle income,,2008,6.31332594891273,
Upper middle income,,2008,6.31332594891273,
High income,,2009,-3.34739771737537,
High income,,2009,-3.34739771737537,
High income,,2009,-3.34739771737537,
High income,,2009,-3.34739771737537,
High income,,2009,-3.34739771737537,
Low income,,2009,3.28762342491005,
Low income,,2009,3.28762342491005,
Low income,,2009,3.28762342491005,
Low income,,2009,3.28762342491005,
Low income,,2009,3.28762342491005,
Lower middle income,,2009,5.96638924437096,
Lower middle income,,2009,5.96638924437096,
Lower middle income,,2009,5.96638924437096,
Lower middle income,,2009,5.96638924437096,
Lower middle income,,2009,5.96638924437096,
Not classified,,2009,,
Not classified,,2009,,
Not classified,,2009,,
Not classified,,2009,,
Not classified,,2009,,
Upper middle income,,2009,3.53562271484726,
Upper middle income,,2009,3.53562271484726,
Upper middle income,,2009,3.53562271484726,
Upper middle income,,2009,3.53562271484726,
Upper middle income,,2009,3.53562271484726,
High income,,2010,3.04667100533726,
High income,,2010,3.04667100533726,
High income,,2010,3.04667100533726,
High income,,2010,3.04667100533726,
High income,,2010,3.04667100533726,
Low income,,2010,6.49463830942219,
Low income,,2010,6.49463830942219,
Low income,,2010,6.49463830942219,
Low income,,2010,6.49463830942219,
Low income,,2010,6.49463830942219,
Lower middle income,,2010,6.86685706586931,
Lower middle income,,2010,6.86685706586931,
Lower middle income,,2010,6.86685706586931,
Lower middle income,,2010,6.86685706586931,
Lower middle income,,2010,6.86685706586931,
Not classified,,2010,,
Not classified,,2010,,
Not classified,,2010,,
Not classified,,2010,,
Not classified,,2010,,
Upper middle income,,2010,8.54083082585674,
Upper middle income,,2010,8.54083082585674,
Upper middle income,,2010,8.54083082585674,
Upper middle income,,2010,8.54083082585674,
Upper middle income,,2010,8.54083082585674,
High income,,2011,2.03552867246736,
High income,,2011,2.03552867246736,
High income,,2011,2.03552867246736,
High income,,2011,2.03552867246736,
High income,,2011,2.03552867246736,
Low income,,2011,-0.130377122985351,
Low income,,2011,-0.130377122985351,
Low income,,2011,-0.130377122985351,
Low income,,2011,-0.130377122985351,
Low income,,2011,-0.130377122985351,
Lower middle income,,2011,4.75659480074799,
Lower middle income,,2011,4.75659480074799,
Lower middle income,,2011,4.75659480074799,
Lower middle income,,2011,4.75659480074799,
Lower middle income,,2011,4.75659480074799,
Not classified,,2011,,
Not classified,,2011,,
Not classified,,2011,,
Not classified,,2011,,
Not classified,,2011,,
Upper middle income,,2011,6.91230216658607,
Upper middle income,,2011,6.91230216658607,
Upper middle income,,2011,6.91230216658607,
Upper middle income,,2011,6.91230216658607,
Upper middle income,,2011,6.91230216658607,
High income,,2012,1.48305392455042,
High income,,2012,1.48305392455042,
High income,,2012,1.48305392455042,
High income,,2012,1.48305392455042,
High income,,2012,1.48305392455042,
Low income,,2012,-4.40020470808538,
Low income,,2012,-4.40020470808538,
Low income,,2012,-4.40020470808538,
Low income,,2012,-4.40020470808538,
Low income,,2012,-4.40020470808538,
Lower middle income,,2012,5.17824141866907,
Lower middle income,,2012,5.17824141866907,
Lower middle income,,2012,5.17824141866907,
Lower middle income,,2012,5.17824141866907,
Lower middle income,,2012,5.17824141866907,
Not classified,,2012,,
Not classified,,2012,,
Not classified,,2012,,
Not classified,,2012,,
Not classified,,2012,,
Upper middle income,,2012,5.78004359971989,
Upper middle income,,2012,5.78004359971989,
Upper middle income,,2012,5.78004359971989,
Upper middle income,,2012,5.78004359971989,
Upper middle income,,2012,5.78004359971989,
High income,,2013,1.61400125208043,
High income,,2013,1.61400125208043,
High income,,2013,1.61400125208043,
High income,,2013,1.61400125208043,
High income,,2013,1.61400125208043,
Low income,,2013,2.54938567710936,
Low income,,2013,2.54938567710936,
Low income,,2013,2.54938567710936,
Low income,,2013,2.54938567710936,
Low income,,2013,2.54938567710936,
Lower middle income,,2013,5.67299067698572,
Lower middle income,,2013,5.67299067698572,
Lower middle income,,2013,5.67299067698572,
Lower middle income,,2013,5.67299067698572,
Lower middle income,,2013,5.67299067698572,
Not classified,,2013,,
Not classified,,2013,,
Not classified,,2013,,
Not classified,,2013,,
Not classified,,2013,,
Upper middle income,,2013,5.66741400374934,
Upper middle income,,2013,5.66741400374934,
Upper middle income,,2013,5.66741400374934,
Upper middle income,,2013,5.66741400374934,
Upper middle income,,2013,5.66741400374934,
High income,,2014,2.15719688345763,
High income,,2014,2.15719688345763,
High income,,2014,2.15719688345763,
High income,,2014,2.15719688345763,
High income,,2014,2.15719688345763,
Low income,,2014,2.85948860771074,
Low income,,2014,2.85948860771074,
Low income,,2014,2.85948860771074,
Low income,,2014,2.85948860771074,
Low income,,2014,2.85948860771074,
Lower middle income,,2014,6.11865958483224,
Lower middle income,,2014,6.11865958483224,
Lower middle income,,2014,6.11865958483224,
Lower middle income,,2014,6.11865958483224,
Lower middle income,,2014,6.11865958483224,
Not classified,,2014,,
Not classified,,2014,,
Not classified,,2014,,
Not classified,,2014,,
Not classified,,2014,,
Upper middle income,,2014,4.98650926608531,
Upper middle income,,2014,4.98650926608531,
Upper middle income,,2014,4.98650926608531,
Upper middle income,,2014,4.98650926608531,
Upper middle income,,2014,4.98650926608531,
High income,,2015,2.34425804200286,
High income,,2015,2.34425804200286,
High income,,2015,2.34425804200286,
High income,,2015,2.34425804200286,
High income,,2015,2.34425804200286,
Low income,,2015,-2.06294694087138,
Low income,,2015,-2.06294694087138,
Low income,,2015,-2.06294694087138,
Low income,,2015,-2.06294694087138,
Low income,,2015,-2.06294694087138,
Lower middle income,,2015,5.91703922812876,
Lower middle income,,2015,5.91703922812876,
Lower middle income,,2015,5.91703922812876,
Lower middle income,,2015,5.91703922812876,
Lower middle income,,2015,5.91703922812876,
Not classified,,2015,,
Not classified,,2015,,
Not classified,,2015,,
Not classified,,2015,,
Not classified,,2015,,
Upper middle income,,2015,4.50970067372548,
Upper middle income,,2015,4.50970067372548,
Upper middle income,,2015,4.50970067372548,
Upper middle income,,2015,4.50970067372548,
Upper middle income,,2015,4.50970067372548,
High income,,2016,1.84609140277053,
High income,,2016,1.84609140277053,
High income,,2016,1.84609140277053,
High income,,2016,1.84609140277053,
High income,,2016,1.84609140277053,
Low income,,2016,0.504076624079872,
Low income,,2016,0.504076624079872,
Low income,,2016,0.504076624079872,
Low income,,2016,0.504076624079872,
Low income,,2016,0.504076624079872,
Lower middle income,,2016,5.685101771297,
Lower middle income,,2016,5.685101771297,
Lower middle income,,2016,5.685101771297,
Lower middle income,,2016,5.685101771297,
Lower middle income,,2016,5.685101771297,
Not classified,,2016,,
Not classified,,2016,,
Not classified,,2016,,
Not classified,,2016,,
Not classified,,2016,,
Upper middle income,,2016,4.56594224373166,
Upper middle income,,2016,4.56594224373166,
Upper middle income,,2016,4.56594224373166,
Upper middle income,,2016,4.56594224373166,
Upper middle income,,2016,4.56594224373166,
High income,,2017,2.49707966959025,
High income,,2017,2.49707966959025,
High income,,2017,2.49707966959025,
High income,,2017,2.49707966959025,
High income,,2017,2.49707966959025,
Low income,,2017,1.88483357710479,
Low income,,2017,1.88483357710479,
Low income,,2017,1.88483357710479,
Low income,,2017,1.88483357710479,
Low income,,2017,1.88483357710479,
Lower middle income,,2017,5.44113248186879,
Lower middle income,,2017,5.44113248186879,
Lower middle income,,2017,5.44113248186879,
Lower middle income,,2017,5.44113248186879,
Lower middle income,,2017,5.44113248186879,
Not classified,,2017,,
Not classified,,2017,,
Not classified,,2017,,
Not classified,,2017,,
Not classified,,2017,,
Upper middle income,,2017,5.36349627990565,
Upper middle income,,2017,5.36349627990565,
Upper middle income,,2017,5.36349627990565,
Upper middle income,,2017,5.36349627990565,
Upper middle income,,2017,5.36349627990565,
High income,,2018,2.382619922668,
High income,,2018,2.382619922668,
High income,,2018,2.382619922668,
High income,,2018,2.382619922668,
High income,,2018,2.382619922668,
Low income,,2018,2.84688971301981,
Low income,,2018,2.84688971301981,
Low income,,2018,2.84688971301981,
Low income,,2018,2.84688971301981,
Low income,,2018,2.84688971301981,
Lower middle income,,2018,5.42349581142061,
Lower middle income,,2018,5.42349581142061,
Lower middle income,,2018,5.42349581142061,
Lower middle income,,2018,5.42349581142061,
Lower middle income,,2018,5.42349581142061,
Not classified,,2018,,
Not classified,,2018,,
Not classified,,2018,,
Not classified,,2018,,
Not classified,,2018,,
Upper middle income,,2018,4.91536338812494,
Upper middle income,,2018,4.91536338812494,
Upper middle income,,2018,4.91536338812494,
Upper middle income,,2018,4.91536338812494,
Upper middle income,,2018,4.91536338812494,
High income,,2019,1.89457512942982,
High income,,2019,1.89457512942982,
High income,,2019,1.89457512942982,
High income,,2019,1.89457512942982,
High income,,2019,1.89457512942982,
Low income,,2019,3.01032914733619,
Low income,,2019,3.01032914733619,
Low income,,2019,3.01032914733619,
Low income,,2019,3.01032914733619,
Low income,,2019,3.01032914733619,
Lower middle income,,2019,4.06407680471652,
Lower middle income,,2019,4.06407680471652,
Lower middle income,,2019,4.06407680471652,
Lower middle income,,2019,4.06407680471652,
Lower middle income,,2019,4.06407680471652,
Not classified,,2019,,
Not classified,,2019,,
Not classified,,2019,,
Not classified,,2019,,
Not classified,,2019,,
Upper middle income,,2019,4.20032824786712,
Upper middle income,,2019,4.20032824786712,
Upper middle income,,2019,4.20032824786712,
Upper middle income,,2019,4.20032824786712,
Upper middle income,,2019,4.20032824786712,
High income,,2020,-3.89094841671778,
High income,,2020,-3.89094841671778,
High income,,2020,-3.89094841671778,
High income,,2020,-3.89094841671778,
High income,,2020,-3.89094841671778,
Low income,,2020,-1.15043022279079,
Low income,,2020,-1.15043022279079,
Low income,,2020,-1.15043022279079,
Low income,,2020,-1.15043022279079,
Low income,,2020,-1.15043022279079,
Lower middle income,,2020,-3.97738356122991,
Lower middle income,,2020,-3.97738356122991,
Lower middle income,,2020,-3.97738356122991,
Lower middle income,,2020,-3.97738356122991,
Lower middle income,,2020,-3.97738356122991,
Not classified,,2020,,
Not classified,,2020,,
Not classified,,2020,,
Not classified,,2020,,
Not classified,,2020,,
Upper middle income,,2020,-0.379702218317149,
Upper middle income,,2020,-0.379702218317149,
Upper middle income,,2020,-0.379702218317149,
Upper middle income,,2020,-0.379702218317149,
Upper middle income,,2020,-0.379702218317149,
High income,,2021,5.85360693187749,
High income,,2021,5.85360693187749,
High income,,2021,5.85360693187749,
High income,,2021,5.85360693187749,
High income,,2021,5.85360693187749,
Low income,,2021,1.2793291388175,
Low income,,2021,1.2793291388175,
Low income,,2021,1.2793291388175,
Low income,,2021,1.2793291388175,
Low income,,2021,1.2793291388175,
Lower middle income,,2021,6.49061665770461,
Lower middle income,,2021,6.49061665770461,
Lower middle income,,2021,6.49061665770461,
Lower middle income,,2021,6.49061665770461,
Lower middle income,,2021,6.49061665770461,
Not classified,,2021,,
Not classified,,2021,,
Not classified,,2021,,
Not classified,,2021,,
Not classified,,2021,,
Upper middle income,,2021,7.70448199039544,
Upper middle income,,2021,7.70448199039544,
Upper middle income,,2021,7.70448199039544,
Upper middle income,,2021,7.70448199039544,
Upper middle income,,2021,7.70448199039544,
High income,,2022,3.04532150391607,
High income,,2022,3.04532150391607,
High income,,2022,3.04532150391607,
High income,,2022,3.04532150391607,
High income,,2022,3.04532150391607,
Low income,,2022,3.35759142339809,
Low income,,2022,3.35759142339809,
Low income,,2022,3.35759142339809,
Low income,,2022,3.35759142339809,
Low income,,2022,3.35759142339809,
Lower middle income,,2022,6.24089400201116,
Lower middle income,,2022,6.24089400201116,
Lower middle income,,2022,6.24089400201116,
Lower middle income,,2022,6.24089400201116,
Lower middle income,,2022,6.24089400201116,
Not classified,,2022,,
Not classified,,2022,,
Not classified,,2022,,
Not classified,,2022,,
Not classified,,2022,,
Upper middle income,,2022,3.45482027640853,
Upper middle income,,2022,3.45482027640853,
Upper middle income,,2022,3.45482027640853,
Upper middle income,,2022,3.45482027640853,
Upper middle income,,2022,3.45482027640853,
High income,,2023,1.82733765954536,
High income,,2023,1.82733765954536,
High income,,2023,1.82733765954536,
High income,,2023,1.82733765954536,
High income,,2023,1.82733765954536,
Low income,,2023,-0.20938825355465,
Low income,,2023,-0.20938825355465,
Low income,,2023,-0.20938825355465,
Low income,,2023,-0.20938825355465,
Low income,,2023,-0.20938825355465,
Lower middle income,,2023,6.04200595481343,
Lower middle income,,2023,6.04200595481343,
Lower middle income,,2023,6.04200595481343,
Lower middle income,,2023,6.04200595481343,
Lower middle income,,2023,6.04200595481343,
Not classified,,2023,,
Not classified,,2023,,
Not classified,,2023,,
Not classified,,2023,,
Not classified,,2023,,
Upper middle income,,2023,4.58560028646708,
Upper middle income,,2023,4.58560028646708,
Upper middle income,,2023,4.58560028646708,
Upper middle income,,2023,4.58560028646708,
Upper middle income,,2023,4.58560028646708,
Aruba,ABW,2000,7.62292064930222,4.04402131190512
Aruba,ABW,2001,4.1820016304779,2.88360430316263
Aruba,ABW,2002,-0.944953481157384,3.31524678585423
Aruba,ABW,2003,1.11050459944282,3.65636507938418
Aruba,ABW,2004,7.29372807096192,2.52912946932762
Aruba,ABW,2005,-0.383137672063768,3.39778677828805
Aruba,ABW,2006,1.12741146411624,3.60802438784541
Aruba,ABW,2007,3.0895443848509,5.39256784475516
Aruba,ABW,2008,1.83575517191368,8.95598705177784
Aruba,ABW,2009,-11.6777413693852,-2.13542872046937
Aruba,ABW,2010,-2.73345679250639,2.07814071860786
Aruba,ABW,2011,3.36923718421511,4.31629742195203
Aruba,ABW,2012,-1.04079988436683,0.627471992893372
Aruba,ABW,2013,6.43146080719245,-2.37206524252261
Aruba,ABW,2014,1.42609864257801,0.421440918881214
Aruba,ABW,2015,3.61147995361162,0.474763597342641
Aruba,ABW,2016,1.23433537363427,-0.93119598707956
Aruba,ABW,2017,3.49342985290626,-1.02828178762012
Aruba,ABW,2018,3.21247111920076,3.6260414135296
Aruba,ABW,2019,1.22511225158814,4.25746204335427
Aruba,ABW,2020,-23.8979898352395,
Aruba,ABW,2021,14.7306159219273,
Aruba,ABW,2022,10.6364309604414,
Aruba,ABW,2023,7.70679839650956,
Afghanistan,AFG,2000,,
Afghanistan,AFG,2001,-9.4319740700862,
Afghanistan,AFG,2002,28.6000011706788,
Afghanistan,AFG,2003,8.83227780288267,
Afghanistan,AFG,2004,1.41411799339429,
Afghanistan,AFG,2005,11.2297148272859,12.6862687216715
Afghanistan,AFG,2006,5.35740324748592,6.78459655001655
Afghanistan,AFG,2007,13.8263195471281,8.68057078513405
Afghanistan,AFG,2008,3.92498381999467,26.4186641547443
Afghanistan,AFG,2009,21.3905283926492,-6.81116108898995
Afghanistan,AFG,2010,14.3624414710737,2.17853752389418
Afghanistan,AFG,2011,0.426354776777345,11.8041858089129
Afghanistan,AFG,2012,12.7522870926697,6.44121280934117
Afghanistan,AFG,2013,5.60074465863221,7.38577178397855
Afghanistan,AFG,2014,2.72454336219565,4.67399603536344
Afghanistan,AFG,2015,1.45131466066431,-0.661709164713741
Afghanistan,AFG,2016,2.26031420279821,4.38389195513914
Afghanistan,AFG,2017,2.6470032027451,4.97595150553832
Afghanistan,AFG,2018,1.18922812944517,0.626149149168846
Afghanistan,AFG,2019,3.91160341625552,2.30237251516833
Afghanistan,AFG,2020,-2.35110067203466,5.60188791482224
Afghanistan,AFG,2021,-20.7388393676343,5.13320340824962
Afghanistan,AFG,2022,-6.24017199240269,13.7121023720064
Afghanistan,AFG,2023,2.26694373649188,-4.64470870797774
Angola,AGO,2000,3.05462423430785,324.99687160132
Angola,AGO,2001,4.20599855619506,152.561022469298
Angola,AGO,2002,13.6656887608562,108.897436089429
Angola,AGO,2003,3.48731240097521,98.2241436573304
Angola,AGO,2004,11.4198633904585,43.5421067519686
Angola,AGO,2005,14.1547775343954,22.9535138513939
Angola,AGO,2006,11.8418178757044,13.3052101780031
Angola,AGO,2007,13.0026889457975,12.2514974459486
Angola,AGO,2008,10.7866360496581,12.4758291326397
Angola,AGO,2009,1.99558909788963,13.7302839288408
Angola,AGO,2010,5.29366572819954,14.4696564932576
Angola,AGO,2011,3.59386960240222,13.4824679218511
Angola,AGO,2012,8.50312283866612,10.2779049218839
Angola,AGO,2013,4.88306129688392,8.77781429332623
Angola,AGO,2014,4.65572356315585,7.2803873036112
Angola,AGO,2015,0.763177710914789,9.35597215533783
Angola,AGO,2016,-1.70053036291208,30.6944150806719
Angola,AGO,2017,-0.149396225571834,29.8444799015679
Angola,AGO,2018,-0.59441122698307,19.628937970152
Angola,AGO,2019,-0.204680245744115,17.080954143438
Angola,AGO,2020,-4.04244724639663,22.2715392470509
Angola,AGO,2021,2.10275251923413,25.754294884189
Angola,AGO,2022,4.21600258475137,21.3552901320822
Angola,AGO,2023,1.26330814020108,13.6441017767714
Albania,ALB,2000,7.46285871776054,0.0500181363468103
Albania,ALB,2001,8.8637306604876,3.10758827031435
Albania,ALB,2002,4.62839587394552,7.7705258343155
Albania,ALB,2003,5.33326426009945,0.484002611818502
Albania,ALB,2004,5.26626173860785,2.28001916938098
Albania,ALB,2005,5.13082193056189,2.36658195679795
Albania,ALB,2006,6.0189812403864,2.37072831904284
Albania,ALB,2007,6.50009261158209,2.93268248162317
Albania,ALB,2008,6.90706230713707,3.32087090389274
Albania,ALB,2009,2.69075152362146,2.26692209450826
Albania,ALB,2010,2.97315442681247,3.62710091517479
Albania,ALB,2011,2.46351683915714,3.42807130141501
Albania,ALB,2012,0.984129880204108,2.03159268395296
Albania,ALB,2013,1.7072283175406,1.93762080205223
Albania,ALB,2014,2.24022695382642,1.62586504402613
Albania,ALB,2015,2.2277040745779,1.89617402592356
Albania,ALB,2016,3.90893551362245,1.27543168367423
Albania,ALB,2017,3.28317593330073,1.98666133171194
Albania,ALB,2018,3.67141928098908,2.02805963071134
Albania,ALB,2019,2.06257790176122,1.41109078954242
Albania,ALB,2020,-3.31375636888916,1.6208866171702
Albania,ALB,2021,8.96957619074095,2.04147163139544
Albania,ALB,2022,4.8268006234359,6.72520271530059
Albania,ALB,2023,4.01541716935742,4.75834555150038
Andorra,AND,2000,3.52836236122388,
Andorra,AND,2001,8.11935772169949,
Andorra,AND,2002,4.54636221364653,
Andorra,AND,2003,8.69420371612468,
Andorra,AND,2004,8.13567633837351,
Andorra,AND,2005,5.39779598500422,
Andorra,AND,2006,4.80868869916921,
Andorra,AND,2007,1.55318814103222,
Andorra,AND,2008,-5.55918636850581,
Andorra,AND,2009,-5.30284654348291,
Andorra,AND,2010,-1.97495799965345,
Andorra,AND,2011,-0.00806975341139093,
Andorra,AND,2012,-4.97444371853503,
Andorra,AND,2013,-3.54759651549344,
Andorra,AND,2014,2.50446552114518,
Andorra,AND,2015,1.43414039522716,
Andorra,AND,2016,3.70967806978986,
Andorra,AND,2017,0.346071889630295,
Andorra,AND,2018,1.58876549046354,
Andorra,AND,2019,2.01554763848308,
Andorra,AND,2020,-11.1839399355384,
Andorra,AND,2021,8.28677879049404,
Andorra,AND,2022,9.56461225648184,
Andorra,AND,2023,2.58355480961319,
United Arab Emirates,ARE,2000,10.8527042153779,
United Arab Emirates,ARE,2001,1.39908503706683,
United Arab Emirates,ARE,2002,2.43345681089617,
United Arab Emirates,ARE,2003,8.80054081355328,
United Arab Emirates,ARE,2004,9.56643663767056,
United Arab Emirates,ARE,2005,4.85514119553341,
United Arab Emirates,ARE,2006,9.83731976924005,
United Arab Emirates,ARE,2007,3.18439017324592,
United Arab Emirates,ARE,2008,3.19183627331763,12.2504202448139
United Arab Emirates,ARE,2009,-5.24292190384988,1.5618131744907
United Arab Emirates,ARE,2010,1.60285004671343,0.877983288285867
United Arab Emirates,ARE,2011,6.73646786920814,0.87734659568512
United Arab Emirates,ARE,2012,4.6832657020049,0.662268900269008
United Arab Emirates,ARE,2013,4.91847806719888,1.1011183637571
United Arab Emirates,ARE,2014,4.63288144983127,2.34626865671642
United Arab Emirates,ARE,2015,7.08767348587587,4.06996608361593
United Arab Emirates,ARE,2016,5.65793329224303,1.61748808904197
United Arab Emirates,ARE,2017,-1.06137661464977,1.96682557818842
United Arab Emirates,ARE,2018,1.53716683173516,3.06863379251996
United Arab Emirates,ARE,2019,1.27134240761141,-1.93108114782172
United Arab Emirates,ARE,2020,-8.69342617885171,-2.07940317940943
United Arab Emirates,ARE,2021,4.55278571242283,0.179935336174431
United Arab Emirates,ARE,2022,7.51448425801082,5.29122604376849
United Arab Emirates,ARE,2023,4.30118228020602,1.62670837213248
Argentina,ARG,2000,-0.78899893905691,
Argentina,ARG,2001,-4.40883968258557,
Argentina,ARG,2002,-10.8944848285903,
Argentina,ARG,2003,8.83704079576924,
Argentina,ARG,2004,9.02957330068152,
Argentina,ARG,2005,8.85165992013437,
Argentina,ARG,2006,8.04715150043027,
Argentina,ARG,2007,9.00765087504757,
Argentina,ARG,2008,4.05723310346406,
Argentina,ARG,2009,-5.91852507634947,
Argentina,ARG,2010,10.1253981561002,
Argentina,ARG,2011,6.00395169280579,
Argentina,ARG,2012,-1.0264204544321,
Argentina,ARG,2013,2.40532378079436,
Argentina,ARG,2014,-2.51261532081394,
Argentina,ARG,2015,2.73115982828944,
Argentina,ARG,2016,-2.08032784377811,
Argentina,ARG,2017,2.81850297775918,
Argentina,ARG,2018,-2.61739646282038,34.2772237131003
Argentina,ARG,2019,-2.00086100285785,53.5483043492339
Argentina,ARG,2020,-9.9004848136464,42.0150947376509
Argentina,ARG,2021,10.4418119882506,48.4093786255199
Argentina,ARG,2022,6.02074537534855,72.430757531824
Argentina,ARG,2023,-1.85578803046339,133.488935594175
Armenia,ARM,2000,5.90000000312092,-0.790883768934757
Armenia,ARM,2001,9.59999999927597,3.1459046468502
Armenia,ARM,2002,13.1999999979356,1.06004929341666
Armenia,ARM,2003,14.0000000015501,4.7215533660534
Armenia,ARM,2004,10.4999999988202,6.96126135875795
Armenia,ARM,2005,13.8999999991133,0.638928002410097
Armenia,ARM,2006,13.1999999994661,2.89235662459003
Armenia,ARM,2007,13.7000000015467,4.40736089644516
Armenia,ARM,2008,6.90000000042959,8.94995335353387
Armenia,ARM,2009,-14.1000000006998,3.40676682683801
Armenia,ARM,2010,2.2000000002151,8.17636138473951
Armenia,ARM,2011,4.69999999867412,7.65000807859294
Armenia,ARM,2012,7.20000000096486,2.55802007757907
Armenia,ARM,2013,3.3,5.7896677854465
Armenia,ARM,2014,3.60000000058993,2.98130868933672
Armenia,ARM,2015,3.19999999896625,3.73169119261693
Armenia,ARM,2016,0.199999999825991,-1.40360755900899
Armenia,ARM,2017,7.50000000164144,0.969553268816137
Armenia,ARM,2018,5.19999999965324,2.52023382001637
Armenia,ARM,2019,7.59999999853918,1.44344660770698
Armenia,ARM,2020,-7.19999999920631,1.21143577838464
Armenia,ARM,2021,5.80000000065645,7.1848362944337
Armenia,ARM,2022,12.5999999997766,8.64091108973854
Armenia,ARM,2023,8.29999999959539,1.98041877615553
American Samoa,ASM,2000,,
American Samoa,ASM,2001,,
American Samoa,ASM,2002,,
American Samoa,ASM,2003,0.965517241379317,
American Samoa,ASM,2004,0.409836065573771,
American Samoa,ASM,2005,-0.408163265306129,
American Samoa,ASM,2006,-4.09836065573771,
American Samoa,ASM,2007,1.85185185185186,
American Samoa,ASM,2008,-2.65734265734265,
American Samoa,ASM,2009,-4.16666666666666,
American Samoa,ASM,2010,0.299850074962521,
American Samoa,ASM,2011,0.0,
American Samoa,ASM,2012,-4.33482810164425,
American Samoa,ASM,2013,-2.5,
American Samoa,ASM,2014,1.76282051282051,
American Samoa,ASM,2015,3.14960629921259,
American Samoa,ASM,2016,-1.67938931297709,
American Samoa,ASM,2017,-6.98757763975155,
American Samoa,ASM,2018,2.6711185308848,
American Samoa,ASM,2019,-0.487804878048777,
American Samoa,ASM,2020,4.41176470588236,
American Samoa,ASM,2021,-0.782472613458523,
American Samoa,ASM,2022,1.73501577287065,
American Samoa,ASM,2023,,
Antigua and Barbuda,ATG,2000,6.20355212555867,0.77177979690018
Antigua and Barbuda,ATG,2001,-4.54810977120295,1.40279663573988
Antigua and Barbuda,ATG,2002,1.02723486062159,2.4076580129349
Antigua and Barbuda,ATG,2003,6.07663666406602,1.99353055152453
Antigua and Barbuda,ATG,2004,5.76710338270556,2.03007757853236
Antigua and Barbuda,ATG,2005,6.47368941781741,2.09875196709308
Antigua and Barbuda,ATG,2006,12.7081474873625,1.7877853741912
Antigua and Barbuda,ATG,2007,9.31518272315685,1.4160525940974
Antigua and Barbuda,ATG,2008,-0.0140065981851762,5.33380639820233
Antigua and Barbuda,ATG,2009,-11.9628794703471,-0.550159995508913
Antigua and Barbuda,ATG,2010,-7.84050683730972,3.37002540220147
Antigua and Barbuda,ATG,2011,-1.95874262217572,3.4567496723461
Antigua and Barbuda,ATG,2012,3.37314273947959,3.37688044338874
Antigua and Barbuda,ATG,2013,-0.600982329599361,1.05949782356169
Antigua and Barbuda,ATG,2014,2.19829188738797,1.08944157435355
Antigua and Barbuda,ATG,2015,1.42161997595372,0.968993458825638
Antigua and Barbuda,ATG,2016,4.1203675438061,-0.489437796230498
Antigua and Barbuda,ATG,2017,2.71272657973627,2.43248789041362
Antigua and Barbuda,ATG,2018,6.71200487159726,1.20715793367007
Antigua and Barbuda,ATG,2019,3.1722219373937,1.43135598182983
Antigua and Barbuda,ATG,2020,-18.8687765208148,0.625989707046719
Antigua and Barbuda,ATG,2021,8.17286311186622,2.06299638545334
Antigua and Barbuda,ATG,2022,9.10780623385958,7.53107834634288
Antigua and Barbuda,ATG,2023,2.42736300110336,5.06713865364212
Australia,AUS,2000,3.9160574881715,4.45743705920869
Australia,AUS,2001,2.03145880248898,4.40712998561533
Australia,AUS,2002,3.94980535772942,2.98157117047457
Australia,AUS,2003,3.0912800997751,2.73259754838937
Australia,AUS,2004,4.21894147547516,2.34325687131265
Australia,AUS,2005,3.15548121323168,2.69182949622197
Australia,AUS,2006,2.7709261737475,3.55528696972984
Australia,AUS,2007,3.78947119882653,2.32761442623159
Australia,AUS,2008,3.62398503565633,4.35029726664093
Australia,AUS,2009,1.95484826298522,1.77112025681656
Australia,AUS,2010,2.21004795300735,2.9183370211222
Australia,AUS,2011,2.39473494330615,3.30384784681081
Australia,AUS,2012,3.95247138119184,1.76278299052228
Australia,AUS,2013,2.65445302592404,2.44988248109259
Australia,AUS,2014,2.60118978187332,2.48792932080492
Australia,AUS,2015,2.16434780647852,1.50836803138463
Australia,AUS,2016,2.75564065529868,1.27699365720306
Australia,AUS,2017,2.29331030192918,1.94864309065653
Australia,AUS,2018,2.87417039499501,1.91140002818579
Australia,AUS,2019,2.19401703622717,1.610770929127
Australia,AUS,2020,-0.133531904304775,0.846900734607273
Australia,AUS,2021,2.00694844335034,2.86391284709318
Australia,AUS,2022,4.25304559238732,6.59409658717841
Australia,AUS,2023,3.58382100798981,5.59701792296707
Austria,AUT,2000,3.18952292988787,2.3448628535728
Austria,AUT,2001,1.31698749571339,2.65000077279529
Austria,AUT,2002,1.48436877605324,1.81035787764128
Austria,AUT,2003,1.14156504542775,1.35555370896445
Austria,AUT,2004,2.56525534067859,2.06120618032869
Austria,AUT,2005,2.32036514266782,2.29913785639285
Austria,AUT,2006,3.26933601506059,1.44154851119016
Austria,AUT,2007,3.77522468729185,2.16855528800756
Austria,AUT,2008,1.45330562142114,3.21595033239879
Austria,AUT,2009,-3.58626472551299,0.506308827696504
Austria,AUT,2010,1.80898243043663,1.81353438995061
Austria,AUT,2011,2.92746800169145,3.2865791487538
Austria,AUT,2012,0.628246239479637,2.48567562177014
Austria,AUT,2013,-0.250726423318454,2.00015616900597
Austria,AUT,2014,0.755798850316665,1.60581182954473
Austria,AUT,2015,1.30352331826198,0.896563335260319
Austria,AUT,2016,2.11721964494312,0.891591752655362
Austria,AUT,2017,2.27224992038207,2.08126911385586
Austria,AUT,2018,2.48422114080024,1.99837981429548
Austria,AUT,2019,1.75497619649288,1.53089564152643
Austria,AUT,2020,-6.31825509209936,1.38191063351853
Austria,AUT,2021,4.92309171717903,2.7666666666667
Austria,AUT,2022,5.33096379400371,8.54686993188457
Austria,AUT,2023,-0.786244288594673,7.81413417002831
Azerbaijan,AZE,2000,11.0999991434346,1.80500303704356
Azerbaijan,AZE,2001,9.89999986533643,1.54719590152279
Azerbaijan,AZE,2002,9.43891626906561,2.7711647199827
Azerbaijan,AZE,2003,10.2082994004776,2.23386492967049
Azerbaijan,AZE,2004,9.25380179728907,6.70893042797784
Azerbaijan,AZE,2005,27.9615381082131,9.67950731917056
Azerbaijan,AZE,2006,34.4662096226792,8.32892482863209
Azerbaijan,AZE,2007,25.4632157314482,16.6997549618244
Azerbaijan,AZE,2008,10.591437462476,20.8490871772712
Azerbaijan,AZE,2009,9.36950260277183,1.45704835970321
Azerbaijan,AZE,2010,4.78883248761557,5.72687224669605
Azerbaijan,AZE,2011,-1.5729973511111,7.8583333333334
Azerbaijan,AZE,2012,2.20293891708398,1.06621339720302
Azerbaijan,AZE,2013,5.84341590483928,2.41571745279419
Azerbaijan,AZE,2014,2.79758521448559,1.37344181533176
Azerbaijan,AZE,2015,1.04954641215085,4.02768573742725
Azerbaijan,AZE,2016,-3.06359842251706,12.4433748584372
Azerbaijan,AZE,2017,0.153614661745507,12.9359184187334
Azerbaijan,AZE,2018,1.50040167167313,2.26854690373999
Azerbaijan,AZE,2019,2.47980879185565,2.61057182799215
Azerbaijan,AZE,2020,-4.19896065333343,2.75980947008127
Azerbaijan,AZE,2021,5.61644027150554,6.65029912708778
Azerbaijan,AZE,2022,4.71468033247649,13.8522590144267
Azerbaijan,AZE,2023,1.35447749115767,8.7854304984908
Burundi,BDI,2000,-0.856864058424151,24.4320242102151
Burundi,BDI,2001,2.05580710835243,9.29618771341888
Burundi,BDI,2002,4.44651941224797,-1.36568005328059
Burundi,BDI,2003,-1.22372796023444,10.6474645658305
Burundi,BDI,2004,4.83365776809453,8.17642937482053
Burundi,BDI,2005,0.900000000901912,13.2520699188223
Burundi,BDI,2006,5.41380714491444,2.7454200021424
Burundi,BDI,2007,3.44449364663615,8.41206285772543
Burundi,BDI,2008,4.90874190813545,24.4069510353913
Burundi,BDI,2009,3.7870758305051,10.5554355299529
Burundi,BDI,2010,5.09373697323055,6.49326591473993
Burundi,BDI,2011,4.02442793864228,9.5921660597967
Burundi,BDI,2012,4.42303118490126,18.161045306545
Burundi,BDI,2013,4.92392485117456,7.93795807492417
Burundi,BDI,2014,4.24490803087248,4.40535234185293
Burundi,BDI,2015,-0.404525595204191,5.54468891259779
Burundi,BDI,2016,3.20017470604286,5.55768961400965
Burundi,BDI,2017,3.83185756925806,16.0525353030391
Burundi,BDI,2018,5.3422447312502,-2.81469807668465
Burundi,BDI,2019,4.45934202358784,-0.686772170797358
Burundi,BDI,2020,0.306443809481593,7.3211064341552
Burundi,BDI,2021,3.23707479823578,8.4045384507634
Burundi,BDI,2022,2.31770122223331,18.8008786664944
Burundi,BDI,2023,3.254768974261,26.9414835762453
Belgium,BEL,2000,3.71670510672588,2.544517761909
Belgium,BEL,2001,1.09960362419645,2.46925823086082
Belgium,BEL,2002,1.70689430349601,1.6452143617536
Belgium,BEL,2003,1.03795518162204,1.58896399970371
Belgium,BEL,2004,3.57120671942319,2.09728311239315
Belgium,BEL,2005,2.32173792911834,2.78143263670029
Belgium,BEL,2006,2.55234087322462,1.79120770070453
Belgium,BEL,2007,3.67692462515802,1.82305630026809
Belgium,BEL,2008,0.446905130727231,4.48944420508404
Belgium,BEL,2009,-1.90644105515335,-0.0531456741254176
Belgium,BEL,2010,2.71031150254662,2.18929920422458
Belgium,BEL,2011,1.93115502411325,3.5320821072274
Belgium,BEL,2012,0.215803612089744,2.83966343445899
Belgium,BEL,2013,0.305494549070232,1.11309594027539
Belgium,BEL,2014,1.76554038149924,0.340002833356921
Belgium,BEL,2015,1.47416433731927,0.561429152790157
Belgium,BEL,2016,1.19350273007754,1.97385264653162
Belgium,BEL,2017,1.47446761556785,2.12597086002616
Belgium,BEL,2018,1.87796847383565,2.05316499865177
Belgium,BEL,2019,2.4428900448156,1.43681956996438
Belgium,BEL,2020,-4.7929839083518,0.740791812220343
Belgium,BEL,2021,6.25445686466593,2.44024851144084
Belgium,BEL,2022,3.9562379757933,9.597511728725
Belgium,BEL,2023,1.71412195515242,4.04901077613941
Benin,BEN,2000,5.85771420543269,4.16540442290282
Benin,BEN,2001,5.33313570603937,3.98429547767893
Benin,BEN,2002,4.64303087074482,2.48916235491541
Benin,BEN,2003,3.44357677591658,1.48724246145441
Benin,BEN,2004,4.42968455385082,0.873890830868499
Benin,BEN,2005,1.71316456361184,5.36452085832342
Benin,BEN,2006,3.94373882815798,3.78217696540374
Benin,BEN,2007,5.98634932177609,1.29806813334152
Benin,BEN,2008,4.89657708429647,7.94729876067854
Benin,BEN,2009,2.31929213912838,0.896072355749069
Benin,BEN,2010,2.11406472648392,2.20783532536523
Benin,BEN,2011,2.96375291904201,2.7042390774728
Benin,BEN,2012,4.811223315688,6.74468253340712
Benin,BEN,2013,7.19143372144946,0.428888888888883
Benin,BEN,2014,6.35767909791932,-0.54875755094818
Benin,BEN,2015,1.77815106030278,0.218785923536245
Benin,BEN,2016,3.33967342629693,-0.793310145785624
Benin,BEN,2017,5.67156195150444,0.0432648555103608
Benin,BEN,2018,6.69725362180888,0.919170717886053
Benin,BEN,2019,6.86568662848335,0.732849371241066
Benin,BEN,2020,3.84879240030133,3.02272119663759
Benin,BEN,2021,7.1554516457574,1.73353962694035
Benin,BEN,2022,6.25294705373625,1.35077863583527
Benin,BEN,2023,6.3527773854442,2.73870078406074
Burkina Faso,BFA,2000,1.88847388906525,-0.304212168486802
Burkina Faso,BFA,2001,6.61340574539679,5.00743290822373
Burkina Faso,BFA,2002,4.35296382988099,2.17569480664608
Burkina Faso,BFA,2003,7.80249388870359,2.03456574053815
Burkina Faso,BFA,2004,4.47845213670386,-0.400228702115451
Burkina Faso,BFA,2005,8.66187322841225,6.41504018369684
Burkina Faso,BFA,2006,6.25316468817478,2.33310856372219
Burkina Faso,BFA,2007,4.11137901761516,-0.230627306273049
Burkina Faso,BFA,2008,5.79999174105387,10.6597978997424
Burkina Faso,BFA,2009,2.96195085866692,2.60817666368314
Burkina Faso,BFA,2010,8.44628157707625,-0.764230734676768
Burkina Faso,BFA,2011,6.62256261306693,2.75976724854534
Burkina Faso,BFA,2012,6.45267237953146,3.8181524025238
Burkina Faso,BFA,2013,5.79258484509867,0.533738507090536
Burkina Faso,BFA,2014,4.32684561452976,-0.258089517535291
Burkina Faso,BFA,2015,3.9212287937935,0.724838981070516
Burkina Faso,BFA,2016,5.95797670754024,0.441041448058809
Burkina Faso,BFA,2017,6.20348941121868,1.48299897161325
Burkina Faso,BFA,2018,6.60456906812341,1.95594302672532
Burkina Faso,BFA,2019,5.88920497068135,-3.23338933983321
Burkina Faso,BFA,2020,2.01077262406221,1.88470066518847
Burkina Faso,BFA,2021,6.94252492572348,3.65326761825508
Burkina Faso,BFA,2022,1.62673258211919,14.2902354303358
Burkina Faso,BFA,2023,3.00027415814125,0.742910428668917
Bangladesh,BGD,2000,5.29329471892532,2.20825620937535
Bangladesh,BGD,2001,5.07728777526728,2.0071737421384
Bangladesh,BGD,2002,3.83312393993225,3.33256493271912
Bangladesh,BGD,2003,4.73956739963045,5.66870773441476
Bangladesh,BGD,2004,5.23953291029852,7.58753638504689
Bangladesh,BGD,2005,6.53594493875502,7.04661816222038
Bangladesh,BGD,2006,6.67190498576788,6.76526117054757
Bangladesh,BGD,2007,7.05859935449848,9.10698496905382
Bangladesh,BGD,2008,6.01378975738535,8.90194489465153
Bangladesh,BGD,2009,5.04512479919337,5.42347236174679
Bangladesh,BGD,2010,5.57178818533122,8.12667639169917
Bangladesh,BGD,2011,6.46437912497728,11.3951651552399
Bangladesh,BGD,2012,6.52145877906443,6.21750422069283
Bangladesh,BGD,2013,6.01360565834344,7.53040640913172
Bangladesh,BGD,2014,6.0610593588495,6.99163889220848
Bangladesh,BGD,2015,6.55263987816197,6.19428022984983
Bangladesh,BGD,2016,7.11347821270093,5.51352572692995
Bangladesh,BGD,2017,6.59024999794057,5.70207015717238
Bangladesh,BGD,2018,7.31941263014136,5.54362139486476
Bangladesh,BGD,2019,7.88191515117722,5.59199639930629
Bangladesh,BGD,2020,3.44801755122445,5.69107474746211
Bangladesh,BGD,2021,6.93867912442445,5.54565430773473
Bangladesh,BGD,2022,7.09982877575158,7.69695437176898
Bangladesh,BGD,2023,5.77511237007889,9.8835030377921
Bulgaria,BGR,2000,4.58722541447194,10.3162621289989
Bulgaria,BGR,2001,3.82370364608695,7.3609392723184
Bulgaria,BGR,2002,5.87193108148227,5.81014365721825
Bulgaria,BGR,2003,5.23715364977618,2.34864169582757
Bulgaria,BGR,2004,6.51042578445376,6.14713074246266
Bulgaria,BGR,2005,7.05634873469204,5.0388380711191
Bulgaria,BGR,2006,6.80258943603174,7.26159462769946
Bulgaria,BGR,2007,6.65438792422609,8.40253419005893
Bulgaria,BGR,2008,6.12955841579208,12.348719599402
Bulgaria,BGR,2009,-3.34714149737695,2.75320223914819
Bulgaria,BGR,2010,1.55535979911015,2.43899060504117
Bulgaria,BGR,2011,2.09017507758604,4.21990346601872
Bulgaria,BGR,2012,0.748815411928831,2.95456829831012
Bulgaria,BGR,2013,-0.542751388861134,0.890093540913096
Bulgaria,BGR,2014,0.949449090947894,-1.41818380264839
Bulgaria,BGR,2015,3.39755336780412,-0.104633261008479
Bulgaria,BGR,2016,3.02662841229517,-0.798649886453617
Bulgaria,BGR,2017,2.74592676054861,2.06159619443141
Bulgaria,BGR,2018,2.33015213407045,2.81454473824838
Bulgaria,BGR,2019,3.79331765354152,3.10372944796771
Bulgaria,BGR,2020,-3.13323303076419,1.67244096855756
Bulgaria,BGR,2021,7.82817232822165,3.29774435299506
Bulgaria,BGR,2022,4.0838640915123,15.3252589264367
Bulgaria,BGR,2023,1.68151074972904,9.44284140088564
Bahrain,BHR,2000,5.30006940305884,-0.704852953090789
Bahrain,BHR,2001,2.49094875338352,-1.20757180156659
Bahrain,BHR,2002,3.34855067103268,-0.495540138751154
Bahrain,BHR,2003,6.29644129075703,1.59362549800786
Bahrain,BHR,2004,6.98096175867695,2.35294117647061
Bahrain,BHR,2005,6.76899737789502,2.58620689655172
Bahrain,BHR,2006,6.4669995195042,2.00746965452849
Bahrain,BHR,2007,8.29396129093843,3.25666666666703
Bahrain,BHR,2008,6.24501094995797,3.52600316363721
Bahrain,BHR,2009,2.53988570158225,2.79551283550411
Bahrain,BHR,2010,4.3342989754845,1.96188468334623
Bahrain,BHR,2011,1.92815791170796,-0.40004069748808
Bahrain,BHR,2012,3.80302899043062,2.75739669962979
Bahrain,BHR,2013,5.29262224906203,3.30001156888442
Bahrain,BHR,2014,4.30885692657077,2.64755321246188
Bahrain,BHR,2015,2.50787205267615,1.84862742374976
Bahrain,BHR,2016,3.81499327422425,2.78679347602044
Bahrain,BHR,2017,4.95383534123657,1.38671830576406
Bahrain,BHR,2018,2.05258864979861,2.08766938046978
Bahrain,BHR,2019,2.05287774418655,1.00582004702136
Bahrain,BHR,2020,-5.9113629524152,-2.31770629331378
Bahrain,BHR,2021,4.35004091668986,-0.60631938514085
Bahrain,BHR,2022,6.18016125475185,3.62574104304482
Bahrain,BHR,2023,3.87811614845566,0.0746206782192255
"Bahamas, The",BHS,2000,4.14841930754267,1.60632941740578
"Bahamas, The",BHS,2001,2.62600982683425,2.0449897750512
"Bahamas, The",BHS,2002,2.70495624731029,2.17357792508093
"Bahamas, The",BHS,2003,-1.26491667612372,3.02504526252236
"Bahamas, The",BHS,2004,0.882373744518318,0.981914036757662
"Bahamas, The",BHS,2005,3.39608420536011,1.59160618079802
"Bahamas, The",BHS,2006,2.51659221712706,2.38982627439254
"Bahamas, The",BHS,2007,1.44609991235758,2.49257794939396
"Bahamas, The",BHS,2008,-2.32364807041851,4.48955995375059
"Bahamas, The",BHS,2009,-4.17542805647342,2.06273473452681
"Bahamas, The",BHS,2010,1.53866248693835,1.34402738392835
"Bahamas, The",BHS,2011,0.613170735890648,3.1987814166032
"Bahamas, The",BHS,2012,4.52003886739061,1.97336755976254
"Bahamas, The",BHS,2013,-2.86320081549439,0.722414784530551
"Bahamas, The",BHS,2014,1.8469701294558,1.51375643050831
"Bahamas, The",BHS,2015,0.997411675486745,1.86148302863371
"Bahamas, The",BHS,2016,-1.15650811269629,-0.346376929989396
"Bahamas, The",BHS,2017,3.3713988456489,1.51820700736147
"Bahamas, The",BHS,2018,2.39795510823548,2.26586346678735
"Bahamas, The",BHS,2019,-0.838585871193203,2.49123527368045
"Bahamas, The",BHS,2020,-20.0893664891399,0.0385210980054557
"Bahamas, The",BHS,2021,17.5861390037409,2.90491262928478
"Bahamas, The",BHS,2022,10.8779009410268,5.60540633583043
"Bahamas, The",BHS,2023,3.04824180553773,3.05291578969742
Bosnia and Herzegovina,BIH,2000,5.41431594987505,
Bosnia and Herzegovina,BIH,2001,2.42331317180992,
Bosnia and Herzegovina,BIH,2002,5.027444647203,
Bosnia and Herzegovina,BIH,2003,3.86713552011777,
Bosnia and Herzegovina,BIH,2004,6.32526794858342,
Bosnia and Herzegovina,BIH,2005,3.89718320544974,
Bosnia and Herzegovina,BIH,2006,5.41400299607282,6.12556615620284
Bosnia and Herzegovina,BIH,2007,5.85911689412598,1.50077710611541
Bosnia and Herzegovina,BIH,2008,5.44184730165964,7.42704310332952
Bosnia and Herzegovina,BIH,2009,-3.0044555389081,-0.381464282453056
Bosnia and Herzegovina,BIH,2010,0.865667236280544,1.99621236745886
Bosnia and Herzegovina,BIH,2011,0.959511709726897,3.67125
Bosnia and Herzegovina,BIH,2012,-0.821837252962993,2.05267452001717
Bosnia and Herzegovina,BIH,2013,2.34985873172397,-0.0930456838317588
Bosnia and Herzegovina,BIH,2014,1.15384793371298,-0.897194054194333
Bosnia and Herzegovina,BIH,2015,4.28413016137854,-1.03602303425474
Bosnia and Herzegovina,BIH,2016,3.24225822231566,-1.58410000000001
Bosnia and Herzegovina,BIH,2017,3.24409895306594,0.810133321953038
Bosnia and Herzegovina,BIH,2018,3.82900399349064,1.41710814018033
Bosnia and Herzegovina,BIH,2019,2.88585242083978,0.56278215406123
Bosnia and Herzegovina,BIH,2020,-3.01509335460439,-1.05129600763489
Bosnia and Herzegovina,BIH,2021,7.39164256472846,1.98163900587622
Bosnia and Herzegovina,BIH,2022,4.22681333390325,14.0208440826771
Bosnia and Herzegovina,BIH,2023,1.99439414850893,6.1059011284828
Belarus,BLR,2000,5.80000327485702,168.620235850933
Belarus,BLR,2001,4.72530605111095,61.1349331618476
Belarus,BLR,2002,5.04526758311702,42.5375481348794
Belarus,BLR,2003,7.04319246586394,28.3978399133473
Belarus,BLR,2004,11.4497432088167,18.1082424937646
Belarus,BLR,2005,9.40000151584914,10.3388794457932
Belarus,BLR,2006,9.99999473022963,6.99712903535584
Belarus,BLR,2007,8.60000659811426,8.42675273505309
Belarus,BLR,2008,10.1999994860937,14.8378764828254
Belarus,BLR,2009,0.199995231733979,12.9456563410401
Belarus,BLR,2010,7.75001707500896,7.735748043125
Belarus,BLR,2011,5.54997471638077,53.2286983118174
Belarus,BLR,2012,1.70785253368828,59.2197360232518
Belarus,BLR,2013,0.998719299661161,18.3122610377873
Belarus,BLR,2014,1.65112470228097,18.1195543526734
Belarus,BLR,2015,-3.82957056812593,13.5344897649734
Belarus,BLR,2016,-2.5264464460425,11.8365807653496
Belarus,BLR,2017,2.53218349471909,6.03183725177785
Belarus,BLR,2018,3.14919758275296,4.87230220550689
Belarus,BLR,2019,1.44645548204305,5.59815595039853
Belarus,BLR,2020,-0.672742918585868,5.5481435745651
Belarus,BLR,2021,2.43886210234947,9.46028389623105
Belarus,BLR,2022,-4.65839591328999,15.2096752740809
Belarus,BLR,2023,4.12654007153881,5.00059903091312
Belize,BLZ,2000,12.2406120663359,3.06743966930585
Belize,BLZ,2001,4.99356206143864,3.65141786561502
Belize,BLZ,2002,5.39907320663811,4.24026660688645
Belize,BLZ,2003,9.66522679614125,2.31808274663101
Belize,BLZ,2004,4.78066505273344,6.39443099742398
Belize,BLZ,2005,2.2191905367057,-1.10431044411909
Belize,BLZ,2006,4.51145460193301,-7.11376771265013
Belize,BLZ,2007,3.33939738340764,2.3180827464202
Belize,BLZ,2008,-1.62747776449082,6.39443100250033
Belize,BLZ,2009,-0.446709636828217,-1.10431044864355
Belize,BLZ,2010,1.41741099233461,0.917977378808887
Belize,BLZ,2011,-0.13007112300869,1.602056156402
Belize,BLZ,2012,3.94389321816617,1.30058074547858
Belize,BLZ,2013,4.06646561608865,0.50974776898322
Belize,BLZ,2014,3.89226067249989,1.20139964481057
Belize,BLZ,2015,2.7602602736023,-0.861584009427747
Belize,BLZ,2016,-0.0187414958130319,0.663427167917601
Belize,BLZ,2017,-1.83323729057784,1.14765339305816
Belize,BLZ,2018,0.822068592512508,0.269982622646335
Belize,BLZ,2019,4.25658710030072,0.187069385181424
Belize,BLZ,2020,-13.5228997055506,0.121434644614893
Belize,BLZ,2021,17.9899244143607,3.2356365923707
Belize,BLZ,2022,9.25051329530994,6.27689319447543
Belize,BLZ,2023,0.500127941638667,4.38984017487674
Bermuda,BMU,2000,9.31715641086083,
Bermuda,BMU,2001,7.22243553752608,
Bermuda,BMU,2002,-1.47779059768867,
Bermuda,BMU,2003,3.41070667687531,
Bermuda,BMU,2004,2.32126722323136,
Bermuda,BMU,2005,1.67420611410508,
Bermuda,BMU,2006,5.5438663804406,
Bermuda,BMU,2007,3.34513970877607,
Bermuda,BMU,2008,-1.86595582635186,
Bermuda,BMU,2009,-5.6266977105161,
Bermuda,BMU,2010,-2.50287828947368,
Bermuda,BMU,2011,-3.74274431740703,
Bermuda,BMU,2012,-5.30529910675297,
Bermuda,BMU,2013,-0.279708545423034,
Bermuda,BMU,2014,-3.70106759364258,
Bermuda,BMU,2015,0.775529699568978,
Bermuda,BMU,2016,-0.657206304259205,
Bermuda,BMU,2017,3.61141983706115,
Bermuda,BMU,2018,-0.432801300339307,
Bermuda,BMU,2019,0.307106461240664,
Bermuda,BMU,2020,-6.82757303480177,
Bermuda,BMU,2021,4.60742917109469,
Bermuda,BMU,2022,6.47622571186707,
Bermuda,BMU,2023,4.91721557264164,
Bolivia,BOL,2000,2.50781080899505,4.60822998872598
Bolivia,BOL,2001,1.68379912721821,1.58965377879567
Bolivia,BOL,2002,2.48556573783827,0.928258851611069
Bolivia,BOL,2003,2.7113398370071,3.33727499671533
Bolivia,BOL,2004,4.17329558916195,4.43738080101724
Bolivia,BOL,2005,4.42143312687995,5.39323106890663
Bolivia,BOL,2006,4.79700882356046,4.28239604802561
Bolivia,BOL,2007,4.56438426887904,8.70560923578869
Bolivia,BOL,2008,6.14849787462195,14.0068107702519
Bolivia,BOL,2009,3.35699957430558,3.34645420142013
Bolivia,BOL,2010,4.12672259105658,2.5032760584424
Bolivia,BOL,2011,5.20409244308591,9.88446419823883
Bolivia,BOL,2012,5.12227558091767,4.51560291399375
Bolivia,BOL,2013,6.79601142810857,5.73640023719606
Bolivia,BOL,2014,5.46056950635116,5.76660074579143
Bolivia,BOL,2015,4.8571871797142,4.05961041135644
Bolivia,BOL,2016,4.26392086382097,3.62321431764138
Bolivia,BOL,2017,4.19520633360403,2.8227580554717
Bolivia,BOL,2018,2.86808404814794,2.27205987230154
Bolivia,BOL,2019,1.50672102666863,1.83954504969025
Bolivia,BOL,2020,-12.7194690092717,0.940742153381849
Bolivia,BOL,2021,10.0290488827886,0.737383721452274
Bolivia,BOL,2022,3.74741781241461,1.74632872945968
Bolivia,BOL,2023,2.51636590154891,2.57688800489192
Brazil,BRA,2000,4.38794944364869,7.04414105947265
Brazil,BRA,2001,1.3898964044581,6.84035902487523
Brazil,BRA,2002,3.05346185683619,8.45016437708331
Brazil,BRA,2003,1.14082899877101,14.7149197228147
Brazil,BRA,2004,5.75996463685998,6.59718509985963
Brazil,BRA,2005,3.20213206216255,6.86953720898964
Brazil,BRA,2006,3.96198870899485,4.18356812896909
Brazil,BRA,2007,6.06987060733128,3.64127299102652
Brazil,BRA,2008,5.09419544811998,5.67859390284168
Brazil,BRA,2009,-0.12581200299141,4.88803479876798
Brazil,BRA,2010,7.52822581812151,5.03872690108074
Brazil,BRA,2011,3.97442307944702,6.6364496221309
Brazil,BRA,2012,1.92117598509462,5.40349914036997
Brazil,BRA,2013,3.0048226702888,6.204310666401
Brazil,BRA,2014,0.503955740273241,6.32904015516138
Brazil,BRA,2015,-3.54576339347278,9.02990102416136
Brazil,BRA,2016,-3.2759169063211,8.73914352329393
Brazil,BRA,2017,1.32286905390815,3.44637335032669
Brazil,BRA,2018,1.78366676137003,3.66485028376728
Brazil,BRA,2019,1.22077782271943,3.73297621216893
Brazil,BRA,2020,-3.27675879612903,3.21176803803376
Brazil,BRA,2021,4.7626043797061,8.30165975585673
Brazil,BRA,2022,3.01669435408112,9.28010608956872
Brazil,BRA,2023,3.24165532813583,4.59356282283203
Barbados,BRB,2000,4.44718962836241,2.43581303489138
Barbados,BRB,2001,-2.36546466744424,2.57783490431287
Barbados,BRB,2002,0.787402032457734,0.125249458056019
Barbados,BRB,2003,2.17548079415926,1.61943319838053
Barbados,BRB,2004,1.41159830663733,1.39442231075691
Barbados,BRB,2005,3.95545720757542,6.08218729535043
Barbados,BRB,2006,6.07054621673575,7.3076626282894
Barbados,BRB,2007,2.07918386258883,4.03422982885069
Barbados,BRB,2008,0.633460590858988,8.10810810810779
Barbados,BRB,2009,-5.01727538250874,3.64386189258337
Barbados,BRB,2010,-2.21771085628247,5.82421853311866
Barbados,BRB,2011,-0.310320187825369,9.4322024017722
Barbados,BRB,2012,-3.41390821153806,4.53334753888774
Barbados,BRB,2013,-1.771174940631,1.81410436049096
Barbados,BRB,2014,0.752615446604594,1.76950322089728
Barbados,BRB,2015,-1.17048018967635,-1.11278992510958
Barbados,BRB,2016,1.49650622520576,1.28192813061895
Barbados,BRB,2017,0.708386729317951,4.66018463955995
Barbados,BRB,2018,-1.2760241773002,3.1060057242059
Barbados,BRB,2019,0.227712137486577,1.67662473276987
Barbados,BRB,2020,-14.3647119341564,
Barbados,BRB,2021,-0.0967779613221893,
Barbados,BRB,2022,17.2264626793379,
Barbados,BRB,2023,2.914357359625,3.18718905472631
Brunei Darussalam,BRN,2000,3.47467627672586,1.55815247634945
Brunei Darussalam,BRN,2001,1.4660608198711,0.595890410958989
Brunei Darussalam,BRN,2002,3.9614389000248,-2.3149724245932
Brunei Darussalam,BRN,2003,3.58342909978997,0.299999999999967
Brunei Darussalam,BRN,2004,0.104538372603315,0.814223994682612
Brunei Darussalam,BRN,2005,-0.00392531660746442,1.24443711883965
Brunei Darussalam,BRN,2006,4.09841257308588,0.15988807834512
Brunei Darussalam,BRN,2007,-3.76362326254647,0.967774119525101
Brunei Darussalam,BRN,2008,-3.90071101715114,2.08498023715415
Brunei Darussalam,BRN,2009,-1.90025367202547,1.03571774271613
Brunei Darussalam,BRN,2010,2.74136439456163,0.35686913201756
Brunei Darussalam,BRN,2011,3.74440625524871,0.13791156316954
Brunei Darussalam,BRN,2012,0.913135189664487,0.111766261400306
Brunei Darussalam,BRN,2013,-2.12478292664558,0.389205053123632
Brunei Darussalam,BRN,2014,-2.50788727590711,-0.207108731719822
Brunei Darussalam,BRN,2015,-0.392383749502031,-0.488347420743522
Brunei Darussalam,BRN,2016,-2.47791771833224,-0.278693265753083
Brunei Darussalam,BRN,2017,1.32872661057823,-1.2605056462896
Brunei Darussalam,BRN,2018,0.0523710418528935,1.02505179290212
Brunei Darussalam,BRN,2019,3.86884436177075,-0.390522069165529
Brunei Darussalam,BRN,2020,1.1335733495246,1.94031996607183
Brunei Darussalam,BRN,2021,-1.59076260099606,1.73341388450593
Brunei Darussalam,BRN,2022,-1.62833154515108,3.68225030604215
Brunei Darussalam,BRN,2023,1.12764418162719,0.35706431153689
Bhutan,BTN,2000,3.35506838174288,4.01212081070342
Bhutan,BTN,2001,7.32837435673082,3.41478946111594
Bhutan,BTN,2002,10.4437797168913,2.45535714285714
Bhutan,BTN,2003,7.78656040877364,2.57230861693339
Bhutan,BTN,2004,5.15725736177561,4.10593698272957
Bhutan,BTN,2005,6.93507146766659,5.3126310463775
Bhutan,BTN,2006,5.6408051539139,5.0004543802254
Bhutan,BTN,2007,16.1047836542012,5.15611138758462
Bhutan,BTN,2008,4.52944877696235,8.32716049382712
Bhutan,BTN,2009,7.66749238553135,4.36112219119804
Bhutan,BTN,2010,11.9318738376229,7.03638316073018
Bhutan,BTN,2011,8.4892584842808,8.848985699468
Bhutan,BTN,2012,5.16482012683895,10.919656944683
Bhutan,BTN,2013,1.73634039505693,8.77638345268212
Bhutan,BTN,2014,5.88108550658288,8.27106093949327
Bhutan,BTN,2015,6.66080128866197,4.54814395082205
Bhutan,BTN,2016,8.47594339232963,3.21988689395717
Bhutan,BTN,2017,2.08684522733067,4.95508366985129
Bhutan,BTN,2018,3.50187185732737,2.72396386183713
Bhutan,BTN,2019,5.75514851246506,2.72643037388832
Bhutan,BTN,2020,-10.2183974208569,5.62936522632507
Bhutan,BTN,2021,4.42136738945015,7.3468144053353
Bhutan,BTN,2022,5.21386783786224,5.6391667139637
Bhutan,BTN,2023,4.63215704523927,4.22934419929251
Botswana,BWA,2000,1.98769583378552,8.6014851485149
Botswana,BWA,2001,0.250573949689084,6.55903767014861
Botswana,BWA,2002,6.06953087648317,8.03279662527485
Botswana,BWA,2003,4.62589474959299,9.18990265632739
Botswana,BWA,2004,2.70582170611173,6.94570363654674
Botswana,BWA,2005,4.55664565323181,8.61022528546439
Botswana,BWA,2006,8.36387109282306,11.5552187914379
Botswana,BWA,2007,5.79255577727118,7.08099847172692
Botswana,BWA,2008,3.25207295796832,12.7021883920075
Botswana,BWA,2009,-14.1442346163423,8.02729703109581
Botswana,BWA,2010,10.119723322694,6.94887658743103
Botswana,BWA,2011,6.83841052493574,8.45987233408583
Botswana,BWA,2012,-0.170857099335691,7.53690261091916
Botswana,BWA,2013,11.1029068737822,5.88460707056816
Botswana,BWA,2014,5.69714422072884,4.40225309243427
Botswana,BWA,2015,-4.85132507409779,3.06203169580557
Botswana,BWA,2016,7.20442475914267,2.81495791361943
Botswana,BWA,2017,4.11437856445083,3.30828076768219
Botswana,BWA,2018,4.18869237159223,3.23801558947715
Botswana,BWA,2019,3.0317733945467,2.7728644286332
Botswana,BWA,2020,-8.72888243996397,1.8903591682421
Botswana,BWA,2021,11.9162724376008,7.24097765588442
Botswana,BWA,2022,5.48601706446772,11.665567478802
Botswana,BWA,2023,3.20806812224438,5.06761549343829
Central African Republic,CAF,2000,-2.48943244028874,3.20340091563112
Central African Republic,CAF,2001,4.46473902640867,3.83486060237361
Central African Republic,CAF,2002,3.61654219150596,2.33181703516234
Central African Republic,CAF,2003,-5.39748521855877,4.13470905150995
Central African Republic,CAF,2004,5.99488422798696,-2.06640601136302
Central African Republic,CAF,2005,0.908210514871953,2.88352073359021
Central African Republic,CAF,2006,4.77108543044105,6.69526465773354
Central African Republic,CAF,2007,4.60753485452025,0.959917619457109
Central African Republic,CAF,2008,2.05413096200485,9.25895099417076
Central African Republic,CAF,2009,8.58726042640994,3.52126227238642
Central African Republic,CAF,2010,4.63081843223307,1.49102370047802
Central African Republic,CAF,2011,4.19461533741989,1.1944757244985
Central African Republic,CAF,2012,5.05376125356918,5.47829594346117
Central African Republic,CAF,2013,-36.3919770983887,6.98879341970198
Central African Republic,CAF,2014,0.0810705153264877,14.8986841797549
Central African Republic,CAF,2015,4.33712103020231,1.40297017136816
Central African Republic,CAF,2016,4.75031684122342,4.94543276106518
Central African Republic,CAF,2017,4.52727821346231,4.18072331871266
Central African Republic,CAF,2018,3.78944359275462,1.61215686991555
Central African Republic,CAF,2019,3.09999999999999,2.68537355266786
Central African Republic,CAF,2020,0.899999996857062,1.71015659523152
Central African Republic,CAF,2021,0.982919996264229,4.25936417542868
Central African Republic,CAF,2022,0.453901876447787,5.58316735183246
Central African Republic,CAF,2023,0.69996840076054,2.97913852618936
Canada,CAN,2000,5.1385391803606,2.71943995691976
Canada,CAN,2001,1.87509810696022,2.52512013979905
Canada,CAN,2002,2.99925535017809,2.25839440940855
Canada,CAN,2003,1.80638512302554,2.75856321360112
Canada,CAN,2004,3.09236384292251,1.85725871857256
Canada,CAN,2005,3.21045439063563,2.21355203439767
Canada,CAN,2006,2.63794375007348,2.00202539534161
Canada,CAN,2007,2.04990463726786,2.13838399266837
Canada,CAN,2008,0.995406301140747,2.37027067444298
Canada,CAN,2009,-2.91508621550267,0.299466803009299
Canada,CAN,2010,3.09080634469335,1.77687154092627
Canada,CAN,2011,3.13719442170364,2.91213508872351
Canada,CAN,2012,1.75566129145483,1.51567823124516
Canada,CAN,2013,2.32581354806429,0.938291897815316
Canada,CAN,2014,2.87346677785811,1.90663590717861
Canada,CAN,2015,0.649971001734855,1.12524136094277
Canada,CAN,2016,1.03855092490855,1.42875954701085
Canada,CAN,2017,3.03383491200222,1.59688412852976
Canada,CAN,2018,2.74296344906655,2.26822567248103
Canada,CAN,2019,1.90843194590616,1.94926902411592
Canada,CAN,2020,-5.03823343468899,0.716999632307827
Canada,CAN,2021,5.95052802804381,3.39519318527527
Canada,CAN,2022,4.18903628100851,6.80280115341612
Canada,CAN,2023,1.52874550838358,3.87900159788425
Switzerland,CHE,2000,3.95871990780931,1.55852919679008
Switzerland,CHE,2001,1.57566198688916,0.989020329832545
Switzerland,CHE,2002,-0.0732172569941127,0.642711506543277
Switzerland,CHE,2003,-0.0323984255438887,0.638272930887189
Switzerland,CHE,2004,2.70170912949028,0.802908730955226
Switzerland,CHE,2005,2.74969910618739,1.17195420333702
Switzerland,CHE,2006,4.0736284178369,1.05950928324804
Switzerland,CHE,2007,3.91637577227581,0.732350603122236
Switzerland,CHE,2008,2.8079835919566,2.42604117060157
Switzerland,CHE,2009,-2.29737452570922,-0.480481936423304
Switzerland,CHE,2010,3.24339715656356,0.688238707219974
Switzerland,CHE,2011,1.81310830459596,0.2313492076509
Switzerland,CHE,2012,1.17925385250513,-0.692552018105163
Switzerland,CHE,2013,1.79214400716117,-0.217323155115672
Switzerland,CHE,2014,2.34988141500179,-0.0132025387515945
Switzerland,CHE,2015,1.64462750849488,-1.14390867228178
Switzerland,CHE,2016,2.06868969039562,-0.434618664285814
Switzerland,CHE,2017,1.36279965488859,0.533787839825876
Switzerland,CHE,2018,2.86044579439036,0.936335464113572
Switzerland,CHE,2019,1.14198218965691,0.362886179940674
Switzerland,CHE,2020,-2.14173712008038,-0.725874933313402
Switzerland,CHE,2021,5.55962020605844,0.581814168489855
Switzerland,CHE,2022,3.04406102969423,2.83502798644451
Switzerland,CHE,2023,0.683328174376044,2.13540088016386
Channel Islands,CHI,2000,,
Channel Islands,CHI,2001,,
Channel Islands,CHI,2002,,
Channel Islands,CHI,2003,,
Channel Islands,CHI,2004,,
Channel Islands,CHI,2005,,
Channel Islands,CHI,2006,,
Channel Islands,CHI,2007,,
Channel Islands,CHI,2008,,
Channel Islands,CHI,2009,,
Channel Islands,CHI,2010,-3.60663231572742,
Channel Islands,CHI,2011,1.12504310895372,
Channel Islands,CHI,2012,-5.75366122139113,
Channel Islands,CHI,2013,0.493931120528785,
Channel Islands,CHI,2014,2.42710178482311,
Channel Islands,CHI,2015,0.374367083829384,
Channel Islands,CHI,2016,1.21302407657195,
Channel Islands,CHI,2017,1.80648131383585,
Channel Islands,CHI,2018,1.1222435658518,
Channel Islands,CHI,2019,1.57335596156342,
Channel Islands,CHI,2020,-8.89677926591959,
Channel Islands,CHI,2021,9.93680136985076,
Channel Islands,CHI,2022,5.34196140375869,
Channel Islands,CHI,2023,3.71500590367266,
Chile,CHL,2000,4.9716214882971,3.84327295706565
Chile,CHL,2001,3.15403492459967,3.56910053001466
Chile,CHL,2002,3.20279913520113,2.48939816650705
Chile,CHL,2003,4.72324526861041,2.8101787574361
Chile,CHL,2004,6.67425416822923,1.05473871403516
Chile,CHL,2005,5.83704571917758,3.05257621387849
Chile,CHL,2006,6.04999082563968,3.39201733699405
Chile,CHL,2007,5.16823098528431,4.40779938398044
Chile,CHL,2008,3.78939280635238,8.71626873039607
Chile,CHL,2009,-1.11803723642878,0.353045178360936
Chile,CHL,2010,5.85165102224047,1.4107110795432
Chile,CHL,2011,6.22389678509138,3.34121694259302
Chile,CHL,2012,6.15534001855494,3.00744840213047
Chile,CHL,2013,3.30850824710085,1.7895555398459
Chile,CHL,2014,1.79264947139259,4.71867527854671
Chile,CHL,2015,2.15194249981184,4.34877353217044
Chile,CHL,2016,1.753038749071,3.78619355893118
Chile,CHL,2017,1.35769537343957,2.18271846868519
Chile,CHL,2018,3.99002947789977,2.43488981353057
Chile,CHL,2019,0.634367533828438,2.55754475703326
Chile,CHL,2020,-6.14347479224092,3.04549084804326
Chile,CHL,2021,11.3149204879049,4.52456838259143
Chile,CHL,2022,2.15399356192458,11.6438667110559
Chile,CHL,2023,0.521367977246825,7.58168251407962
China,CHN,2000,8.58643201808462,0.347811226864586
China,CHN,2001,8.31263887091522,0.719125609120113
China,CHN,2002,9.24339326638321,-0.731970902350243
China,CHN,2003,10.1181928640117,1.12760348729637
China,CHN,2004,10.1314073631003,3.82463743108159
China,CHN,2005,11.458238455067,1.7764140766757
China,CHN,2006,12.6746751655235,1.64943099455859
China,CHN,2007,14.1499854947127,4.81676767378834
China,CHN,2008,9.67024588602851,5.92525137041091
China,CHN,2009,9.40269972778044,-0.728165250932898
China,CHN,2010,10.5962719761682,3.17532475269199
China,CHN,2011,9.4613358870736,5.55389892257493
China,CHN,2012,7.85617427055587,2.6195243264554
China,CHN,2013,7.77872409446717,2.62105001748114
China,CHN,2014,7.46190028229434,1.9216416278852
China,CHN,2015,6.97878002657477,1.43702380935654
China,CHN,2016,6.77555562837017,2.00000182191943
China,CHN,2017,6.8912663621211,1.59313600071435
China,CHN,2018,6.75671800166833,2.07479039965576
China,CHN,2019,6.06850235053705,2.89923416358226
China,CHN,2020,2.34018843078414,2.41942189457782
China,CHN,2021,8.57008513166322,0.981015135544881
China,CHN,2022,3.1341888719577,1.9735755573905
China,CHN,2023,5.41484330099675,0.23483682889305
Cote d'Ivoire,CIV,2000,-0.265789462275947,2.53077516737996
Cote d'Ivoire,CIV,2001,-2.15401249077306,4.36152914007256
Cote d'Ivoire,CIV,2002,-2.73052647441901,3.07726485157427
Cote d'Ivoire,CIV,2003,-4.72586658630681,3.29680746974208
Cote d'Ivoire,CIV,2004,3.18503822575397,1.45798835600741
Cote d'Ivoire,CIV,2005,0.996065564854788,3.88583039886481
Cote d'Ivoire,CIV,2006,2.81557859252327,2.46719148596914
Cote d'Ivoire,CIV,2007,1.10142976793477,1.89200629349597
Cote d'Ivoire,CIV,2008,4.7826659787672,6.30852769152578
Cote d'Ivoire,CIV,2009,3.60332156667053,1.01950457731137
Cote d'Ivoire,CIV,2010,6.84804939907013,1.22645612135479
Cote d'Ivoire,CIV,2011,-5.37044724000579,4.9124339505245
Cote d'Ivoire,CIV,2012,7.62041176451649,1.30451119915606
Cote d'Ivoire,CIV,2013,10.7602131311256,2.58117037252935
Cote d'Ivoire,CIV,2014,9.37199994240375,0.448682076766141
Cote d'Ivoire,CIV,2015,7.19494942728191,1.25149954781467
Cote d'Ivoire,CIV,2016,7.17275963956332,0.723178457513308
Cote d'Ivoire,CIV,2017,7.41076242592504,0.685881065304603
Cote d'Ivoire,CIV,2018,4.84314605889178,0.401297817263547
Cote d'Ivoire,CIV,2019,6.72137167584978,0.79085551205366
Cote d'Ivoire,CIV,2020,0.699728593494228,2.41252617189052
Cote d'Ivoire,CIV,2021,7.06332910205232,4.15919657911797
Cote d'Ivoire,CIV,2022,6.39988362720531,5.23352856100842
Cote d'Ivoire,CIV,2023,6.60000045223954,4.36972254867474
Cameroon,CMR,2000,3.83241779430614,1.22719012976132
Cameroon,CMR,2001,4.32426119221549,4.41977245881145
Cameroon,CMR,2002,4.47702683369155,2.83442260128066
Cameroon,CMR,2003,5.45315368881347,0.623163557374316
Cameroon,CMR,2004,7.04886281858374,0.233647380067583
Cameroon,CMR,2005,2.22827020924117,2.01353950175986
Cameroon,CMR,2006,3.80958327566137,5.11757816019469
Cameroon,CMR,2007,4.32758900972871,0.921402245650095
Cameroon,CMR,2008,2.8476778892105,5.33780627627498
Cameroon,CMR,2009,2.57925177738754,3.04361847939999
Cameroon,CMR,2010,2.89902472122014,1.27538046242338
Cameroon,CMR,2011,3.37921128506045,2.93969946305091
Cameroon,CMR,2012,4.62597872209571,2.73529677529539
Cameroon,CMR,2013,4.99552916130783,2.0503471800174
Cameroon,CMR,2014,5.71981814509198,1.85489850366776
Cameroon,CMR,2015,5.66695298703932,2.67623531419899
Cameroon,CMR,2016,4.53579423678801,0.874190383288856
Cameroon,CMR,2017,3.54117654926007,0.64040914988195
Cameroon,CMR,2018,3.95551423892049,1.0688581131292
Cameroon,CMR,2019,3.47505998194981,2.45280214062732
Cameroon,CMR,2020,0.259932915907115,2.43760882182236
Cameroon,CMR,2021,3.33885747179505,2.27185762503637
Cameroon,CMR,2022,3.7367840056412,6.24767713343861
Cameroon,CMR,2023,3.34756290750219,7.38281384280983
"Congo, Dem. Rep.",COD,2000,-6.91092731652104,513.906843747535
"Congo, Dem. Rep.",COD,2001,-2.10017302488848,359.936614264585
"Congo, Dem. Rep.",COD,2002,2.94776518359767,31.5225826025495
"Congo, Dem. Rep.",COD,2003,5.57782231144439,12.8739657187404
"Congo, Dem. Rep.",COD,2004,6.73837393324293,3.9943840081597
"Congo, Dem. Rep.",COD,2005,6.13515115548968,21.316816722934
"Congo, Dem. Rep.",COD,2006,5.10894433184896,13.0526949745101
"Congo, Dem. Rep.",COD,2007,8.52992974243585,16.9451006541949
"Congo, Dem. Rep.",COD,2008,7.40172337539792,17.3013845700156
"Congo, Dem. Rep.",COD,2009,0.565481557604713,2.79999999999981
"Congo, Dem. Rep.",COD,2010,7.84300782191249,7.10000000000037
"Congo, Dem. Rep.",COD,2011,7.59331721294959,15.316515913949
"Congo, Dem. Rep.",COD,2012,8.66859360531922,9.72182806273364
"Congo, Dem. Rep.",COD,2013,9.62448879216879,0.80822310148711
"Congo, Dem. Rep.",COD,2014,7.30227750870263,1.24303889760802
"Congo, Dem. Rep.",COD,2015,6.35973756164829,0.74419899478147
"Congo, Dem. Rep.",COD,2016,0.393832798154563,2.88585107289988
"Congo, Dem. Rep.",COD,2017,4.24121047272719,
"Congo, Dem. Rep.",COD,2018,6.07168870646615,
"Congo, Dem. Rep.",COD,2019,0.555384294580819,
"Congo, Dem. Rep.",COD,2020,0.775427992354622,
"Congo, Dem. Rep.",COD,2021,6.42961005647355,
"Congo, Dem. Rep.",COD,2022,9.31116944064918,
"Congo, Dem. Rep.",COD,2023,8.5334898318451,
"Congo, Rep.",COG,2000,7.5759803952642,-0.88199151702543
"Congo, Rep.",COG,2001,3.80260189913561,0.0559899218140582
"Congo, Rep.",COG,2002,4.58187006108889,4.37875971780872
"Congo, Rep.",COG,2003,0.813264076303781,-0.631844987363156
"Congo, Rep.",COG,2004,3.47663162118089,2.42976607961799
"Congo, Rep.",COG,2005,7.75575897806648,3.09449011456181
"Congo, Rep.",COG,2006,7.98623836334291,6.53784395299603
"Congo, Rep.",COG,2007,-6.61399480441001,2.65464645060702
"Congo, Rep.",COG,2008,6.30637595585259,4.95875092023151
"Congo, Rep.",COG,2009,11.6372888615758,4.41500374795223
"Congo, Rep.",COG,2010,9.93126543095578,0.391525011227612
"Congo, Rep.",COG,2011,2.20591936286718,1.75958704273803
"Congo, Rep.",COG,2012,9.94715314257564,5.01018773134471
"Congo, Rep.",COG,2013,-0.712434451876447,4.63161619729461
"Congo, Rep.",COG,2014,6.64606540928447,0.912139545450097
"Congo, Rep.",COG,2015,0.415193061293763,3.16909796750829
"Congo, Rep.",COG,2016,-8.68524343913786,3.19056179723773
"Congo, Rep.",COG,2017,-5.59477371915547,0.450063823285546
"Congo, Rep.",COG,2018,-2.30431780125842,1.15277896375523
"Congo, Rep.",COG,2019,1.12447391976529,2.20607305781525
"Congo, Rep.",COG,2020,-6.26777227963225,1.79537147083107
"Congo, Rep.",COG,2021,1.01507036990908,1.7156427545126
"Congo, Rep.",COG,2022,1.47535613247133,3.04344334698477
"Congo, Rep.",COG,2023,1.90686426346754,4.30174563591016
Colombia,COL,2000,2.92486148176778,9.22534818585365
Colombia,COL,2001,1.67789830787579,7.96556090304834
Colombia,COL,2002,2.50398046659659,6.35150728778872
Colombia,COL,2003,3.91827190322513,7.1297886294186
Colombia,COL,2004,5.33302206759905,5.90402005546502
Colombia,COL,2005,4.82876110773741,5.05101962689695
Colombia,COL,2006,6.71686869844402,4.29342363628926
Colombia,COL,2007,6.73819469090975,5.54438485815155
Colombia,COL,2008,3.28344618616541,6.9968849555451
Colombia,COL,2009,1.13964864548062,4.20251661216481
Colombia,COL,2010,4.49465897070922,2.27200227892008
Colombia,COL,2011,6.94789198173555,3.4150334477625
Colombia,COL,2012,3.91263576716115,3.16930188840055
Colombia,COL,2013,5.13399351995672,2.01699224310383
Colombia,COL,2014,4.49903000110972,2.89883787761737
Colombia,COL,2015,2.95590137527523,4.98983115849529
Colombia,COL,2016,2.08738250162794,7.51346024627674
Colombia,COL,2017,1.35936086788746,4.3143132569501
Colombia,COL,2018,2.56432428277704,3.24056932930569
Colombia,COL,2019,3.18685539245533,3.52301932741446
Colombia,COL,2020,-7.18591413760859,2.52663500084706
Colombia,COL,2021,10.8011981904878,3.49505757399448
Colombia,COL,2022,7.32827729427979,10.1772313546166
Colombia,COL,2023,0.712380031974334,11.7359044948689
Comoros,COM,2000,-1.00701887109655,
Comoros,COM,2001,5.41959971808741,5.55459394816812
Comoros,COM,2002,4.59768263263243,3.53304214308077
Comoros,COM,2003,1.93442812313498,3.799081366719
Comoros,COM,2004,3.10041210399676,4.47499289078106
Comoros,COM,2005,5.66520240193151,3.0133239505812
Comoros,COM,2006,-1.75444679449394,3.37436360121204
Comoros,COM,2007,0.803599788247752,4.46616710098131
Comoros,COM,2008,3.96461118871815,1.7007817628453
Comoros,COM,2009,3.24060198483924,4.36234829325719
Comoros,COM,2010,3.77788070743117,3.35475770328919
Comoros,COM,2011,4.14356479211455,1.8426630075619
Comoros,COM,2012,3.16835627559691,6.31474450315177
Comoros,COM,2013,4.4661636979028,-4.29487331536756
Comoros,COM,2014,2.10666920560958,7.54755379096711
Comoros,COM,2015,1.14747399397193,-0.117173884190069
Comoros,COM,2016,3.32039987961315,0.797517430888487
Comoros,COM,2017,3.81570211280726,-0.237362224154613
Comoros,COM,2018,3.64259587408398,2.15155084413033
Comoros,COM,2019,1.76070164655727,3.58213544469211
Comoros,COM,2020,-0.195577456821965,0.786641929499151
Comoros,COM,2021,2.0001921183449,-0.00441793682346988
Comoros,COM,2022,2.60301031927843,12.5320314570998
Comoros,COM,2023,2.99521564038136,8.37373955490995
Cabo Verde,CPV,2000,14.2848688450919,-2.47745668519835
Cabo Verde,CPV,2001,2.23165454528898,3.34996472317894
Cabo Verde,CPV,2002,5.25089116960211,1.88453410076764
Cabo Verde,CPV,2003,4.17625932578332,1.18817038620528
Cabo Verde,CPV,2004,10.197072633926,-1.8908217230618
Cabo Verde,CPV,2005,6.91245795720201,0.41889161285517
Cabo Verde,CPV,2006,7.98375044795048,5.36907687065548
Cabo Verde,CPV,2007,15.1706879735517,4.41099704193488
Cabo Verde,CPV,2008,7.03901129565128,6.77443546371142
Cabo Verde,CPV,2009,-1.50358672385678,0.991103480568084
Cabo Verde,CPV,2010,1.83641914989978,2.07866470906423
Cabo Verde,CPV,2011,3.92471821338283,4.47388342165023
Cabo Verde,CPV,2012,1.08364848376166,2.54039644167108
Cabo Verde,CPV,2013,0.632136727385131,1.50654285701407
Cabo Verde,CPV,2014,0.696666840118581,-0.238778144990623
Cabo Verde,CPV,2015,0.936026507808833,0.131187999024544
Cabo Verde,CPV,2016,4.28071482662371,-1.40781637091705
Cabo Verde,CPV,2017,4.5513148102974,0.784415251101334
Cabo Verde,CPV,2018,3.70696458310842,1.25615185860785
Cabo Verde,CPV,2019,6.94782634051859,1.10750930553819
Cabo Verde,CPV,2020,-20.8052758990735,0.6057961856899
Cabo Verde,CPV,2021,7.03353010694514,1.86215256793885
Cabo Verde,CPV,2022,15.843675684642,7.93092928079189
Cabo Verde,CPV,2023,4.7947613911073,3.72437535861454
Costa Rica,CRI,2000,3.86871808953644,10.9615496593622
Costa Rica,CRI,2001,3.49116989434005,11.2556157091171
Costa Rica,CRI,2002,3.41687639041064,9.16752048509118
Costa Rica,CRI,2003,4.31717986636224,9.44758091616983
Costa Rica,CRI,2004,4.42459959654504,12.3148150178852
Costa Rica,CRI,2005,3.97666636818026,13.7982949108987
Costa Rica,CRI,2006,7.3266954325067,11.4705968149052
Costa Rica,CRI,2007,8.21513198348715,9.35724456417157
Costa Rica,CRI,2008,4.73817487754022,13.4244635507283
Costa Rica,CRI,2009,-0.873455942787785,7.84270167700653
Costa Rica,CRI,2010,5.36034352634111,5.66275708420021
Costa Rica,CRI,2011,4.40315923970431,4.87799830970702
Costa Rica,CRI,2012,4.88259241025739,4.49545314354605
Costa Rica,CRI,2013,2.49476611209954,5.23133614174428
Costa Rica,CRI,2014,3.54210987765977,4.51920098516953
Costa Rica,CRI,2015,3.65208096802883,0.801982005099623
Costa Rica,CRI,2016,4.20432325175899,-0.0174788505908217
Costa Rica,CRI,2017,4.1576989627609,1.62590692991731
Costa Rica,CRI,2018,2.6159044043379,2.2211146152658
Costa Rica,CRI,2019,2.41751181762513,2.09604635327807
Costa Rica,CRI,2020,-4.27335432161462,0.724911478131375
Costa Rica,CRI,2021,7.93576224743147,1.72647755109241
Costa Rica,CRI,2022,4.55149177958398,8.27477490232654
Costa Rica,CRI,2023,5.11192183224598,0.525193508693455
Cuba,CUB,2000,5.9147601740486,
Cuba,CUB,2001,3.18502990449461,
Cuba,CUB,2002,1.42482126141282,
Cuba,CUB,2003,3.79274022304334,
Cuba,CUB,2004,5.77053807021559,
Cuba,CUB,2005,11.2016564219094,
Cuba,CUB,2006,12.0658631129953,
Cuba,CUB,2007,7.26213696647943,
Cuba,CUB,2008,4.11682804164681,
Cuba,CUB,2009,1.4513054307407,
Cuba,CUB,2010,2.39035229650723,
Cuba,CUB,2011,2.80230083647626,
Cuba,CUB,2012,3.01490028898772,
Cuba,CUB,2013,2.74760256257211,
Cuba,CUB,2014,1.04757663187654,
Cuba,CUB,2015,4.4383335888395,
Cuba,CUB,2016,0.512843095700745,
Cuba,CUB,2017,1.80979178380274,
Cuba,CUB,2018,2.24794852913217,
Cuba,CUB,2019,-0.163087223606624,
Cuba,CUB,2020,-10.9494359030206,
Cuba,CUB,2021,1.25448735650322,
Cuba,CUB,2022,1.77465227724316,
Cuba,CUB,2023,-1.92937123169681,
Curacao,CUW,2000,,
Curacao,CUW,2001,-0.695753704098053,1.79282868525896
Curacao,CUW,2002,0.397065216763636,0.391389432485324
Curacao,CUW,2003,0.288186681651752,1.6337139144157
Curacao,CUW,2004,0.208461073109362,1.37912138094799
Curacao,CUW,2005,0.676425345201665,4.11711711711707
Curacao,CUW,2006,1.63593468987035,3.11499524097949
Curacao,CUW,2007,2.46996322836787,2.99572039942908
Curacao,CUW,2008,2.18804308019168,6.8763239367776
Curacao,CUW,2009,-0.531308242338184,1.75331605427595
Curacao,CUW,2010,0.0823066088131412,2.77944261312586
Curacao,CUW,2011,0.508457572414372,2.3325315256217
Curacao,CUW,2012,-0.34895035717112,3.18398746349454
Curacao,CUW,2013,-0.635696647893425,1.33232086152117
Curacao,CUW,2014,-0.637398345190817,1.49873969616429
Curacao,CUW,2015,0.45815174597594,-0.476542049801404
Curacao,CUW,2016,-1.06770769957464,-0.0472079848940292
Curacao,CUW,2017,-1.27620931537493,1.58558801700344
Curacao,CUW,2018,-2.10411142994484,2.58368756641813
Curacao,CUW,2019,-3.20613171902549,2.62220783425058
Curacao,CUW,2020,-18.4384703505393,
Curacao,CUW,2021,4.18371193053579,
Curacao,CUW,2022,6.90599999999999,
Curacao,CUW,2023,4.20199999999977,
Cayman Islands,CYM,2000,,
Cayman Islands,CYM,2001,,
Cayman Islands,CYM,2002,,
Cayman Islands,CYM,2003,,
Cayman Islands,CYM,2004,,
Cayman Islands,CYM,2005,,
Cayman Islands,CYM,2006,,
Cayman Islands,CYM,2007,3.16262533840754,
Cayman Islands,CYM,2008,-0.357401372925935,
Cayman Islands,CYM,2009,-7.20048278238133,
Cayman Islands,CYM,2010,-2.71563682344265,0.276140861750108
Cayman Islands,CYM,2011,1.16906269526342,1.32543575779664
Cayman Islands,CYM,2012,1.22975368307725,1.18894845245607
Cayman Islands,CYM,2013,1.2793305928175,2.1606114681339
Cayman Islands,CYM,2014,2.65452932151371,1.27397911533387
Cayman Islands,CYM,2015,2.83312242670048,-2.34752770165615
Cayman Islands,CYM,2016,3.23997361448569,-0.62525835861814
Cayman Islands,CYM,2017,3.18404730726789,
Cayman Islands,CYM,2018,4.26726567162505,
Cayman Islands,CYM,2019,3.91563637725301,
Cayman Islands,CYM,2020,-4.95480732200573,
Cayman Islands,CYM,2021,4.86941655353661,
Cayman Islands,CYM,2022,5.77566708028824,
Cayman Islands,CYM,2023,5.8155918263088,
Cyprus,CYP,2000,5.96530445494226,4.1416576470206
Cyprus,CYP,2001,3.95256258200938,1.97304191729914
Cyprus,CYP,2002,3.72297491128981,2.80115505180746
Cyprus,CYP,2003,2.62329962315329,4.13906538686858
Cyprus,CYP,2004,5.02627226665527,2.28621706801674
Cyprus,CYP,2005,4.85298762175586,2.56016132330233
Cyprus,CYP,2006,4.71378358593959,2.30468732978555
Cyprus,CYP,2007,5.09822614854798,2.37265183669719
Cyprus,CYP,2008,3.64698922103939,4.66900841902485
Cyprus,CYP,2009,-2.01508203683694,0.326276652249793
Cyprus,CYP,2010,2.28267100119788,2.43004084102254
Cyprus,CYP,2011,0.416711868408683,3.28944939564211
Cyprus,CYP,2012,-3.44738151374587,2.38905410042316
Cyprus,CYP,2013,-6.58747751118347,-0.399357676464425
Cyprus,CYP,2014,-1.77605867728616,-1.35498885446314
Cyprus,CYP,2015,3.41892038889013,-2.0969976905311
Cyprus,CYP,2016,6.57359080924678,-1.42916666666665
Cyprus,CYP,2017,5.75083236554525,0.531766496174467
Cyprus,CYP,2018,6.27166360056404,1.43549119531759
Cyprus,CYP,2019,5.87559583386607,0.250370996758493
Cyprus,CYP,2020,-3.22063018637567,-0.638422797978958
Cyprus,CYP,2021,11.3975590801512,2.44608867175474
Cyprus,CYP,2022,8.27372597293814,8.39548297993334
Cyprus,CYP,2023,3.61945644636856,3.54134188751663
Czechia,CZE,2000,4.010669619984,3.77538829151729
Czechia,CZE,2001,2.9172195289956,4.66267556988257
Czechia,CZE,2002,1.51345949139996,1.90298097019026
Czechia,CZE,2003,3.300836832613,0.118739205526814
Czechia,CZE,2004,4.73633969683438,2.76010781671153
Czechia,CZE,2005,6.37502886086791,1.85709789109228
Czechia,CZE,2006,6.62317299177447,2.53399258343633
Czechia,CZE,2007,5.48882595164517,2.8531243721117
Czechia,CZE,2008,2.61226807205139,6.3586638015237
Czechia,CZE,2009,-4.79832416684926,1.01937735329229
Czechia,CZE,2010,2.71466509907701,1.47272727272728
Czechia,CZE,2011,1.77238085338473,1.9172191363555
Czechia,CZE,2012,-0.770668190622743,3.28762306610411
Czechia,CZE,2013,-0.0418124160447491,1.4382978723404
Czechia,CZE,2014,2.24521219862635,0.343988589646793
Czechia,CZE,2015,4.95875848915604,0.309364548494975
Czechia,CZE,2016,2.58087013921376,0.683504209385702
Czechia,CZE,2017,5.17356529967881,2.4505339846014
Czechia,CZE,2018,2.83030588267866,2.14949494949492
Czechia,CZE,2019,3.56577658128261,2.84787595918041
Czechia,CZE,2020,-5.30487955463876,3.1612952849781
Czechia,CZE,2021,4.02901832055149,3.83984491500146
Czechia,CZE,2022,2.8471706583814,15.100165146837
Czechia,CZE,2023,0.0475803308973752,10.6612601372427
Germany,DEU,2000,2.8765231247659,1.44026838719741
Germany,DEU,2001,1.63614170690956,1.98385731334471
Germany,DEU,2002,-0.228255715793637,1.42080615551526
Germany,DEU,2003,-0.529801394291297,1.03422218628562
Germany,DEU,2004,1.16208684507278,1.66573696655991
Germany,DEU,2005,0.885485292551564,1.54691114751328
Germany,DEU,2006,3.86668241523209,1.57742642840563
Germany,DEU,2007,2.8891174138025,2.2983440070095
Germany,DEU,2008,0.887902330743628,2.62837981637219
Germany,DEU,2009,-5.54455451920674,0.312739007368446
Germany,DEU,2010,4.13463778522758,1.1038103778926
Germany,DEU,2011,3.75796884489337,2.07517283735874
Germany,DEU,2012,0.463512036709204,2.00848884782956
Germany,DEU,2013,0.396995583779145,1.50472330251876
Germany,DEU,2014,2.18018602168017,0.906794000434245
Germany,DEU,2015,1.66300602334775,0.514426137125456
Germany,DEU,2016,2.22222216259371,0.491747008445174
Germany,DEU,2017,2.797906720551,1.50949485109628
Germany,DEU,2018,1.13569604599849,1.73216879766941
Germany,DEU,2019,0.977734697038784,1.44565976888253
Germany,DEU,2020,-4.13191443239947,0.144877925813981
Germany,DEU,2021,3.90999994204108,3.06666666666673
Germany,DEU,2022,1.8092581243061,6.87257438551096
Germany,DEU,2023,-0.869647578573321,5.94643667725823
Djibouti,DJI,2000,,
Djibouti,DJI,2001,,1.74665224985434
Djibouti,DJI,2002,,0.637619553666319
Djibouti,DJI,2003,,1.98196734627544
Djibouti,DJI,2004,,3.12226204699352
Djibouti,DJI,2005,,3.10496640148299
Djibouti,DJI,2006,,3.48340699677866
Djibouti,DJI,2007,,4.96597654553301
Djibouti,DJI,2008,,11.9586206896551
Djibouti,DJI,2009,,1.67549587285962
Djibouti,DJI,2010,,3.95007875923886
Djibouti,DJI,2011,,5.0687139477798
Djibouti,DJI,2012,,3.73120950756887
Djibouti,DJI,2013,,-12.563149225034
Djibouti,DJI,2014,7.19298728463697,1.34186494340162
Djibouti,DJI,2015,7.30898563450799,-0.522166521445793
Djibouti,DJI,2016,7.1234323372872,2.40252905434889
Djibouti,DJI,2017,5.458091517212,0.57728572456066
Djibouti,DJI,2018,4.77433934943193,0.138836400011405
Djibouti,DJI,2019,5.54508081154978,3.31763203299602
Djibouti,DJI,2020,1.2021151728969,1.77900535643955
Djibouti,DJI,2021,4.40715667561153,1.18086783934059
Djibouti,DJI,2022,5.16653702854374,5.17222088647605
Djibouti,DJI,2023,6.80733529403308,1.44905087029085
Dominica,DMA,2000,2.3402193777688,0.856946805358482
Dominica,DMA,2001,-0.0638434428881567,1.3038940346596
Dominica,DMA,2002,-3.08742052359268,0.170055330197681
Dominica,DMA,2003,5.80495468629533,1.4533680043725
Dominica,DMA,2004,4.09783662273917,2.39410982050298
Dominica,DMA,2005,0.915286472779144,1.68190079877552
Dominica,DMA,2006,4.40077479812059,2.20239132631669
Dominica,DMA,2007,5.3579375575878,3.6322212931782
Dominica,DMA,2008,7.12131217762231,6.35992183336295
Dominica,DMA,2009,-1.13575145648322,0.00626357107066859
Dominica,DMA,2010,-0.105610857694984,2.99936630549
Dominica,DMA,2011,0.0427388878891435,1.1312313652648
Dominica,DMA,2012,-0.15739179314221,1.35677147808859
Dominica,DMA,2013,0.0045039972976042,-0.0464116468805991
Dominica,DMA,2014,2.33521742067693,0.799250372687492
Dominica,DMA,2015,-3.37338262476895,-0.843826984638329
Dominica,DMA,2016,1.44724556489263,0.141816225732312
Dominica,DMA,2017,-7.5443637547282,0.296252889279486
Dominica,DMA,2018,2.964010610466,0.989191119189889
Dominica,DMA,2019,3.94809757938053,1.50462353858141
Dominica,DMA,2020,-15.7064024545862,1.22026442242476
Dominica,DMA,2021,5.37983838954712,2.22891330700343
Dominica,DMA,2022,10.3968076616121,2.88490226829353
Dominica,DMA,2023,3.65221012208734,5.08677483158111
Denmark,DNK,2000,3.72400899471576,2.90328203236461
Denmark,DNK,2001,0.95003224600012,2.33787000255262
Denmark,DNK,2002,0.456530018779986,2.42443661219694
Denmark,DNK,2003,0.441091006625101,2.07507820646506
Denmark,DNK,2004,2.77635180744053,1.15435693124934
Denmark,DNK,2005,2.35960882992528,1.81781458291254
Denmark,DNK,2006,3.81648769908172,1.92422138464584
Denmark,DNK,2007,0.987173815945127,1.69326586220324
Denmark,DNK,2008,-0.417178439991005,3.41626794258374
Denmark,DNK,2009,-4.97447905669058,1.30470991024335
Denmark,DNK,2010,1.58289703108802,2.31092436974786
Denmark,DNK,2011,1.3108037609606,2.7586822605125
Denmark,DNK,2012,-0.00543230161670749,2.3979148566464
Denmark,DNK,2013,1.39267343161971,0.789071780078062
Denmark,DNK,2014,1.27799983192831,0.56402054044954
Denmark,DNK,2015,2.10441456445301,0.452034153691574
Denmark,DNK,2016,3.07304549209093,0.250000000000031
Denmark,DNK,2017,3.05647723922718,1.14713216957601
Denmark,DNK,2018,1.8600074900921,0.813609467455631
Denmark,DNK,2019,1.71140093932736,0.75813157251162
Denmark,DNK,2020,-1.78010601831291,0.420711974110024
Denmark,DNK,2021,6.50025445756295,1.85304543989689
Denmark,DNK,2022,0.443832614908331,7.69656699889259
Denmark,DNK,2023,0.604587766175584,3.30517811237605
Dominican Republic,DOM,2000,4.65172550299128,7.72413566181615
Dominican Republic,DOM,2001,2.46937023763239,8.8830684881296
Dominican Republic,DOM,2002,4.48650367045651,5.22336769759446
Dominican Republic,DOM,2003,-1.34935744782766,27.4497127394394
Dominican Republic,DOM,2004,2.58556667449577,51.4608598338065
Dominican Republic,DOM,2005,9.43178931977285,4.19020260472056
Dominican Republic,DOM,2006,9.17120650955299,7.57280523853073
Dominican Republic,DOM,2007,7.41840577774235,6.14356655248047
Dominican Republic,DOM,2008,3.26808671288212,10.6446210953711
Dominican Republic,DOM,2009,1.00345293018719,1.44215131834353
Dominican Republic,DOM,2010,8.40114541209596,6.32993220146146
Dominican Republic,DOM,2011,3.19196227475523,5.79676809206533
Dominican Republic,DOM,2012,2.77567100848816,3.69449707884776
Dominican Republic,DOM,2013,4.93473300709881,4.830950967408
Dominican Republic,DOM,2014,7.11122629673892,2.99864226125218
Dominican Republic,DOM,2015,6.98771131236387,0.836746346724556
Dominican Republic,DOM,2016,6.71974078681295,1.61416607245222
Dominican Republic,DOM,2017,3.93386176401576,3.27955694678546
Dominican Republic,DOM,2018,7.09751640210159,3.56443426013507
Dominican Republic,DOM,2019,4.8940301149584,1.81060377042959
Dominican Republic,DOM,2020,-7.92905234231061,3.78103179915516
Dominican Republic,DOM,2021,14.0124289062207,8.24300347981809
Dominican Republic,DOM,2022,5.23795652902595,8.81109209279587
Dominican Republic,DOM,2023,2.19229848237939,4.78561281021135
Algeria,DZA,2000,3.80000000158476,0.339163189071768
Algeria,DZA,2001,2.99999999863043,4.22598834854673
Algeria,DZA,2002,5.40000000000001,1.4183019234505
Algeria,DZA,2003,6.50000000062043,4.268953958395
Algeria,DZA,2004,4.49999999976698,3.96180030257187
Algeria,DZA,2005,5.39999999969525,1.38244656662118
Algeria,DZA,2006,2.89999999905852,2.31149918514423
Algeria,DZA,2007,3.10000000128674,3.67899574741699
Algeria,DZA,2008,2.49999999929371,4.85859062814938
Algeria,DZA,2009,1.19999999969519,5.73706036145627
Algeria,DZA,2010,4.80000000093564,3.91106195534028
Algeria,DZA,2011,2.99999999941909,4.5242115050527
Algeria,DZA,2012,2.40000000034432,8.89145091062317
Algeria,DZA,2013,2.60000000061164,3.25423910998847
Algeria,DZA,2014,4.09999999866501,2.91692692067458
Algeria,DZA,2015,3.20000000089023,4.78444700693889
Algeria,DZA,2016,3.90000000017621,6.39769480268756
Algeria,DZA,2017,1.49999999895587,5.59111590961663
Algeria,DZA,2018,1.40000000088281,4.26999020467083
Algeria,DZA,2019,0.899999999219148,1.95176821052891
Algeria,DZA,2020,-4.99999999908597,2.41513094083413
Algeria,DZA,2021,3.79999999900707,7.22606307415477
Algeria,DZA,2022,3.60000000094915,9.26551551551552
Algeria,DZA,2023,4.10000000005964,9.32217375928322
Ecuador,ECU,2000,1.09180164720277,96.0963756926096
Ecuador,ECU,2001,4.20627185748789,37.6767454518094
Ecuador,ECU,2002,4.92809549611376,12.4835980082094
Ecuador,ECU,2003,2.88450036512064,7.92936487461555
Ecuador,ECU,2004,6.83239736646514,2.74323198926704
Ecuador,ECU,2005,5.39862243994342,2.1682770118372
Ecuador,ECU,2006,4.34113198577639,3.29874846258215
Ecuador,ECU,2007,1.90242859700484,2.27618478002121
Ecuador,ECU,2008,6.56492068224719,8.40009593987462
Ecuador,ECU,2009,1.0910129698311,5.15996829181047
Ecuador,ECU,2010,4.02913787986621,3.55437734567842
Ecuador,ECU,2011,8.48147656332823,4.4745326579584
Ecuador,ECU,2012,5.783212336172,5.10172180958665
Ecuador,ECU,2013,7.21123653679159,2.72177577710371
Ecuador,ECU,2014,4.22606520388456,3.58922016616663
Ecuador,ECU,2015,0.119692109287612,3.96664623255357
Ecuador,ECU,2016,-0.687954245877947,1.72826463324532
Ecuador,ECU,2017,5.97039880954841,0.417335588666824
Ecuador,ECU,2018,1.04429460679607,-0.224103246005552
Ecuador,ECU,2019,0.1654044646003,0.266012515466155
Ecuador,ECU,2020,-9.24509619165865,-0.338872392562139
Ecuador,ECU,2021,9.42189269033631,0.133251386096389
Ecuador,ECU,2022,5.86842354862311,3.46616972213076
Ecuador,ECU,2023,1.98823813984235,2.21568764237058
"Egypt, Arab Rep.",EGY,2000,6.37000382991766,2.68380535348546
"Egypt, Arab Rep.",EGY,2001,3.53525197391507,2.26975720475955
"Egypt, Arab Rep.",EGY,2002,2.39020402573726,2.73723855000334
"Egypt, Arab Rep.",EGY,2003,3.19345473739745,4.50777636319303
"Egypt, Arab Rep.",EGY,2004,4.0920716112534,11.2706193320519
"Egypt, Arab Rep.",EGY,2005,4.47174447174434,4.86939696871988
"Egypt, Arab Rep.",EGY,2006,6.84383819379117,7.64452644526434
"Egypt, Arab Rep.",EGY,2007,7.08782742681038,9.31896905799229
"Egypt, Arab Rep.",EGY,2008,7.15628356605819,18.3168316831684
"Egypt, Arab Rep.",EGY,2009,4.67359979952391,11.7634954386443
"Egypt, Arab Rep.",EGY,2010,5.1472348575531,11.2651882653185
"Egypt, Arab Rep.",EGY,2011,1.7645719489982,10.0649259874818
"Egypt, Arab Rep.",EGY,2012,2.22619979863525,7.11172943343082
"Egypt, Arab Rep.",EGY,2013,2.18546605362143,9.4697198106492
"Egypt, Arab Rep.",EGY,2014,2.91591187985748,10.0702154687481
"Egypt, Arab Rep.",EGY,2015,4.37201907790141,10.370490343517
"Egypt, Arab Rep.",EGY,2016,4.34664345555447,13.8136062148289
"Egypt, Arab Rep.",EGY,2017,4.18122099994778,29.5066083940038
"Egypt, Arab Rep.",EGY,2018,5.3311086189448,14.4014657807421
"Egypt, Arab Rep.",EGY,2019,5.55209307156956,9.15279959324803
"Egypt, Arab Rep.",EGY,2020,3.55016483786838,5.04493288977538
"Egypt, Arab Rep.",EGY,2021,3.29064601202211,5.21404940513042
"Egypt, Arab Rep.",EGY,2022,6.58784560886967,13.8956609775177
"Egypt, Arab Rep.",EGY,2023,3.76028052279247,33.8847763115546
Eritrea,ERI,2000,-3.14198590251638,
Eritrea,ERI,2001,8.75543552816325,
Eritrea,ERI,2002,3.0054291917378,
Eritrea,ERI,2003,-2.65551592487554,
Eritrea,ERI,2004,1.45173556595506,
Eritrea,ERI,2005,2.57444955124846,
Eritrea,ERI,2006,-0.969217110711355,
Eritrea,ERI,2007,1.42682221120323,
Eritrea,ERI,2008,-9.78303001782456,
Eritrea,ERI,2009,3.8765015275421,
Eritrea,ERI,2010,2.19419034888082,
Eritrea,ERI,2011,8.67980010138049,
Eritrea,ERI,2012,,
Eritrea,ERI,2013,,
Eritrea,ERI,2014,,
Eritrea,ERI,2015,,
Eritrea,ERI,2016,,
Eritrea,ERI,2017,,
Eritrea,ERI,2018,,
Eritrea,ERI,2019,,
Eritrea,ERI,2020,,
Eritrea,ERI,2021,,
Eritrea,ERI,2022,,
Eritrea,ERI,2023,,
Spain,ESP,2000,5.20064125553942,3.43351563418766
Spain,ESP,2001,3.91908880808811,3.58983413338112
Spain,ESP,2002,2.75545611564098,3.06565685902219
Spain,ESP,2003,2.9392895953076,3.03888839396655
Spain,ESP,2004,3.1145314799161,3.03924881090924
Spain,ESP,2005,3.5512255846125,3.36881409750383
Spain,ESP,2006,4.04343515605099,3.51557576832128
Spain,ESP,2007,3.53350013165972,2.78679745804945
Spain,ESP,2008,0.767165748290694,4.07534335957339
Spain,ESP,2009,-3.76813306940053,-0.28781308353524
Spain,ESP,2010,0.0941223116369514,1.79986457728768
Spain,ESP,2011,-0.639920636520344,3.1961018883379
Spain,ESP,2012,-2.86511368637748,2.44612782366808
Spain,ESP,2013,-1.42732224757626,1.40858109183018
Spain,ESP,2014,1.52048593647231,-0.151114837527234
Spain,ESP,2015,4.06086672473866,-0.500365709903242
Spain,ESP,2016,2.91515598595787,-0.202598000426452
Spain,ESP,2017,2.89604207865007,1.95607633363963
Spain,ESP,2018,2.39541124478878,1.6749813686379
Spain,ESP,2019,1.96117850841711,0.699518994458738
Spain,ESP,2020,-10.9400706350371,-0.322753017299739
Spain,ESP,2021,6.68314420473001,3.09313511976419
Spain,ESP,2022,6.37031712129601,8.39057634118626
Spain,ESP,2023,2.46085796805582,3.53236133492432
Estonia,EST,2000,10.0876385800462,4.01848952508763
Estonia,EST,2001,5.88074589534277,5.74827981651373
Estonia,EST,2002,6.93300082616575,3.57191270164026
Estonia,EST,2003,7.59630181032645,1.33499116549955
Estonia,EST,2004,6.80070110758655,3.04811107523416
Estonia,EST,2005,9.52305386462066,4.07971423199848
Estonia,EST,2006,9.76257131206653,4.43762042389213
Estonia,EST,2007,7.57091879311882,6.60132603055637
Estonia,EST,2008,-5.12531154308803,10.3623580313682
Estonia,EST,2009,-14.6302225427906,-0.0784083112809768
Estonia,EST,2010,2.4497502063999,2.97204512015693
Estonia,EST,2011,7.60697458913162,4.9819013145361
Estonia,EST,2012,3.67201872506541,3.93339987296985
Estonia,EST,2013,1.75649379621869,2.78056658954987
Estonia,EST,2014,3.32278988182702,-0.106175146521709
Estonia,EST,2015,1.83815262882932,-0.49232600654737
Estonia,EST,2016,3.09301920751959,0.148684907627372
Estonia,EST,2017,5.63467248963991,3.41723549488054
Estonia,EST,2018,3.69969756161726,3.43632688420446
Estonia,EST,2019,3.72664943466884,2.27725931243522
Estonia,EST,2020,-2.88380751483778,-0.444531097679829
Estonia,EST,2021,8.25488044580031,4.65316673847472
Estonia,EST,2022,-1.22616966587796,19.3982634080616
Estonia,EST,2023,-2.74421914571231,9.15922507983982
Ethiopia,ETH,2000,6.07321748125295,0.662458109266481
Ethiopia,ETH,2001,8.30130632267965,-8.23784453391136
Ethiopia,ETH,2002,1.51472570667433,0.6750891021708
Ethiopia,ETH,2003,-2.16135972256865,13.6740452028271
Ethiopia,ETH,2004,13.5726031401471,3.32737047894847
Ethiopia,ETH,2005,11.8187659491625,9.96997123512891
Ethiopia,ETH,2006,10.8347270679373,12.2994763114824
Ethiopia,ETH,2007,11.4561670019891,17.2404008340897
Ethiopia,ETH,2008,10.7885216870332,44.3566858766951
Ethiopia,ETH,2009,8.8025531990487,8.48364404530282
Ethiopia,ETH,2010,12.5505383347633,8.14926402965082
Ethiopia,ETH,2011,11.1782962297008,33.2499598823344
Ethiopia,ETH,2012,8.64781163513926,23.600417677317
Ethiopia,ETH,2013,10.5822700502552,7.46402192944517
Ethiopia,ETH,2014,10.2574929627477,6.89001951597191
Ethiopia,ETH,2015,10.3924630141307,9.56889955968623
Ethiopia,ETH,2016,9.43348265981905,6.62813337230924
Ethiopia,ETH,2017,9.56418965754014,10.6871150284238
Ethiopia,ETH,2018,6.81614778557282,13.8330356586661
Ethiopia,ETH,2019,8.36408573314054,15.8096321719344
Ethiopia,ETH,2020,6.05953089054807,20.3563468559061
Ethiopia,ETH,2021,5.64153069257077,26.8395221557722
Ethiopia,ETH,2022,5.32175988403378,33.8898797100898
Ethiopia,ETH,2023,6.59424599357075,30.2188278135278
Finland,FIN,2000,5.75373770498848,3.04210080667795
Finland,FIN,2001,2.64026205699308,2.57844080098895
Finland,FIN,2002,1.68732644358099,1.57122012789379
Finland,FIN,2003,2.01179992738312,0.877440386254785
Finland,FIN,2004,4.00537952277651,0.187120559084418
Finland,FIN,2005,2.77730918518017,0.62387445002519
Finland,FIN,2006,4.01957326515895,1.56666380704386
Finland,FIN,2007,5.31280176694145,2.5106656524034
Finland,FIN,2008,0.784431235717051,4.06595355358379
Finland,FIN,2009,-8.07603116552393,-9.17360384430342e-07
Finland,FIN,2010,3.1682879121621,1.18413523154646
Finland,FIN,2011,2.39039455396828,3.41680754255211
Finland,FIN,2012,-1.52284013040689,2.80833622561573
Finland,FIN,2013,-0.979741024949618,1.47828615688809
Finland,FIN,2014,-0.4780684247837,1.04119621178439
Finland,FIN,2015,0.466503766322674,-0.207928839905268
Finland,FIN,2016,2.57193414898754,0.356684500891695
Finland,FIN,2017,3.30337003591039,0.754015047084346
Finland,FIN,2018,1.19297759742292,1.08382098409305
Finland,FIN,2019,1.34973845741737,1.0240939296343
Finland,FIN,2020,-2.49103605535707,0.290554555653239
Finland,FIN,2021,2.67634641498897,2.19457432340007
Finland,FIN,2022,0.763041912763526,7.12350773301402
Finland,FIN,2023,-0.939093459613758,6.25064322154762
Fiji,FJI,2000,-1.69999841605511,1.09216459977387
Fiji,FJI,2001,2.00000014675203,4.27267024465105
Fiji,FJI,2002,3.19999911373272,0.762032085561206
Fiji,FJI,2003,0.999999344757256,4.17274777763034
Fiji,FJI,2004,5.29999970460942,2.827485193912
Fiji,FJI,2005,0.700000402432295,2.36576453830433
Fiji,FJI,2006,1.85248387199492,2.49083638787078
Fiji,FJI,2007,-0.850654310045783,4.80370641306988
Fiji,FJI,2008,1.03279422025963,7.73227857918421
Fiji,FJI,2009,-1.38603770763578,3.13103559015967
Fiji,FJI,2010,2.9546724221223,3.6890122967076
Fiji,FJI,2011,2.70514302901054,7.278117827085
Fiji,FJI,2012,1.41131438177968,3.42337523401979
Fiji,FJI,2013,4.73421948956533,2.91354193603992
Fiji,FJI,2014,5.60351440618301,0.519306474579106
Fiji,FJI,2015,4.50120041028725,1.37488542621446
Fiji,FJI,2016,2.44565179664245,3.86322538221277
Fiji,FJI,2017,5.35336455965039,3.34757834757831
Fiji,FJI,2018,3.81235122208561,4.08147637644542
Fiji,FJI,2019,-0.581946709343867,1.79388647514555
Fiji,FJI,2020,-17.1835352599354,-1.70014167847317
Fiji,FJI,2021,-4.3459619989752,1.53454853751591
Fiji,FJI,2022,17.7451269773594,6.07882431529724
Fiji,FJI,2023,9.44245856738313,2.97544080604538
France,FRA,2000,4.14099996402915,1.67595988720928
France,FRA,2001,1.89946701186636,1.63478079549599
France,FRA,2002,1.06775027069419,1.92341228727063
France,FRA,2003,0.967827182558352,2.09847219146919
France,FRA,2004,2.86825052501032,2.14208964640238
France,FRA,2005,1.88856584109286,1.74586936380487
France,FRA,2006,2.71406448755236,1.67512449608726
France,FRA,2007,2.53048188351066,1.48799805953859
France,FRA,2008,0.380171435849121,2.81286194914785
France,FRA,2009,-2.82455153714783,0.0876204781574653
France,FRA,2010,2.00032476039051,1.53112270420918
France,FRA,2011,2.43757653729007,2.11159795175
France,FRA,2012,0.183835264973013,1.95419531613509
France,FRA,2013,0.781756446231,0.863715497861804
France,FRA,2014,0.997832947295251,0.507758822937989
France,FRA,2015,1.06675474783462,0.0375143805125181
France,FRA,2016,0.860031075424033,0.183334861123764
France,FRA,2017,2.08361485997399,1.03228275064681
France,FRA,2018,1.64590872395887,1.85081508315492
France,FRA,2019,2.02744646419237,1.10825492288293
France,FRA,2020,-7.44064589948231,0.476498852725065
France,FRA,2021,6.88233783360239,1.64233141038393
France,FRA,2022,2.71676264185913,5.22236748369725
France,FRA,2023,1.43921494437743,4.8783572650844
Faroe Islands,FRO,2000,,
Faroe Islands,FRO,2001,,
Faroe Islands,FRO,2002,,
Faroe Islands,FRO,2003,,
Faroe Islands,FRO,2004,,
Faroe Islands,FRO,2005,,
Faroe Islands,FRO,2006,,
Faroe Islands,FRO,2007,,
Faroe Islands,FRO,2008,,
Faroe Islands,FRO,2009,-4.55329824103478,
Faroe Islands,FRO,2010,-0.379817991218616,
Faroe Islands,FRO,2011,3.56636317884431,
Faroe Islands,FRO,2012,7.08148344487884,
Faroe Islands,FRO,2013,5.85614389735763,
Faroe Islands,FRO,2014,5.43214206841004,
Faroe Islands,FRO,2015,0.958001934486234,
Faroe Islands,FRO,2016,1.38644795938293,
Faroe Islands,FRO,2017,3.51201367488443,
Faroe Islands,FRO,2018,2.76370952267429,
Faroe Islands,FRO,2019,4.53851028676189,
Faroe Islands,FRO,2020,-1.63732118017028,
Faroe Islands,FRO,2021,5.06636291600633,
Faroe Islands,FRO,2022,3.86099981669155,
Faroe Islands,FRO,2023,3.15873872329266,
"Micronesia, Fed. Sts.",FSM,2000,4.62457361932451,2.15851810619419
"Micronesia, Fed. Sts.",FSM,2001,1.82014181387615,0.502497351294027
"Micronesia, Fed. Sts.",FSM,2002,0.443232388562762,-0.111442426432945
"Micronesia, Fed. Sts.",FSM,2003,1.76276569060707,0.126643348208903
"Micronesia, Fed. Sts.",FSM,2004,-3.19038314015573,2.27669698247304
"Micronesia, Fed. Sts.",FSM,2005,2.31413355373383,4.25769978210942
"Micronesia, Fed. Sts.",FSM,2006,-0.198978337483553,4.63737008585635
"Micronesia, Fed. Sts.",FSM,2007,-1.72367428324624,3.30634278002699
"Micronesia, Fed. Sts.",FSM,2008,-2.5834881422762,8.42372566246186
"Micronesia, Fed. Sts.",FSM,2009,1.09846663749369,6.39360257735201
"Micronesia, Fed. Sts.",FSM,2010,2.06618820882574,3.31370963136217
"Micronesia, Fed. Sts.",FSM,2011,3.7837208928099,5.08259403890371
"Micronesia, Fed. Sts.",FSM,2012,-1.69422024723235,5.01850353045616
"Micronesia, Fed. Sts.",FSM,2013,-3.67642942893428,1.75232737350762
"Micronesia, Fed. Sts.",FSM,2014,-2.58581649978665,0.650284891767944
"Micronesia, Fed. Sts.",FSM,2015,4.43363849623874,-0.2981158373807
"Micronesia, Fed. Sts.",FSM,2016,0.942726461831327,-1.03746806405349
"Micronesia, Fed. Sts.",FSM,2017,2.17575003627566,0.58225373525489
"Micronesia, Fed. Sts.",FSM,2018,0.0,1.49840023593737
"Micronesia, Fed. Sts.",FSM,2019,4.08163265306123,1.92385170787923
"Micronesia, Fed. Sts.",FSM,2020,-1.67294117647059,0.554594630853174
"Micronesia, Fed. Sts.",FSM,2021,3.09969928290539,3.19128406597466
"Micronesia, Fed. Sts.",FSM,2022,-2.90588999868474,5.40874375479067
"Micronesia, Fed. Sts.",FSM,2023,0.453118220707168,
Gabon,GAB,2000,-1.88296639760897,0.504920025834859
Gabon,GAB,2001,2.13523342197423,2.13762052701465
Gabon,GAB,2002,-0.249033168543434,0.0366828893971394
Gabon,GAB,2003,2.2473300115045,2.23535313551536
Gabon,GAB,2004,0.689543058464849,0.40820530743925
Gabon,GAB,2005,2.67620333310926,3.70833333333304
Gabon,GAB,2006,-2.80657835569052,-1.4094013660098
Gabon,GAB,2007,6.00810802487668,5.03031883679951
Gabon,GAB,2008,-3.30843064878751,5.26430145575285
Gabon,GAB,2009,0.130331119816617,1.88570754577918
Gabon,GAB,2010,7.08988731455126,1.46154402720469
Gabon,GAB,2011,7.09175334258654,1.26331707837421
Gabon,GAB,2012,5.25107691750407,2.65241828695626
Gabon,GAB,2013,5.63869900338696,0.505441058915615
Gabon,GAB,2014,4.31496444107469,4.69045751826284
Gabon,GAB,2015,3.8788993950789,-0.338795188753406
Gabon,GAB,2016,2.09144220829562,2.10670712784054
Gabon,GAB,2017,0.472642030911146,2.65192583143902
Gabon,GAB,2018,0.83791658082157,4.74906652083221
Gabon,GAB,2019,3.92080879452831,2.46456756151187
Gabon,GAB,2020,-1.83776106357656,1.35276110675333
Gabon,GAB,2021,1.46795731487489,1.0869074651941
Gabon,GAB,2022,3.03761449530657,4.23124798274579
Gabon,GAB,2023,2.43893665064327,3.62901534185376
United Kingdom,GBR,2000,4.52438074810904,1.18295624210408
United Kingdom,GBR,2001,2.39102229602824,1.53234960272418
United Kingdom,GBR,2002,1.70902736258567,1.52040245947455
United Kingdom,GBR,2003,3.21851612669614,1.37650038542013
United Kingdom,GBR,2004,2.32601853325993,1.39039756680422
United Kingdom,GBR,2005,2.7906547174688,2.0891364902507
United Kingdom,GBR,2006,2.18982132415704,2.4556616643929
United Kingdom,GBR,2007,2.93091133582351,2.38656150773327
United Kingdom,GBR,2008,-0.0494116727402769,3.52140856342539
United Kingdom,GBR,2009,-4.58740819226323,1.96173173560109
United Kingdom,GBR,2010,2.26054460931586,2.49265472467065
United Kingdom,GBR,2011,0.851437739020326,3.8561124468282
United Kingdom,GBR,2012,1.52826034721852,2.5732347965453
United Kingdom,GBR,2013,1.71846961308464,2.29166666666659
United Kingdom,GBR,2014,3.16017351468152,1.45112016293279
United Kingdom,GBR,2015,2.14040560033371,0.36804684232536
United Kingdom,GBR,2016,2.20652020635357,1.0084173681141
United Kingdom,GBR,2017,3.02322219840339,2.55775577557747
United Kingdom,GBR,2018,1.55133095078786,2.29283990345938
United Kingdom,GBR,2019,1.25629899760824,1.73810460086513
United Kingdom,GBR,2020,-10.047896637362,0.989486703772491
United Kingdom,GBR,2021,8.5431118453255,2.51837109614213
United Kingdom,GBR,2022,5.14970388522993,7.92204883147902
United Kingdom,GBR,2023,0.271650048355255,6.79396706793963
Georgia,GEO,2000,1.84038117927339,4.06396201382596
Georgia,GEO,2001,4.80729867243699,4.64604442058634
Georgia,GEO,2002,5.47402488700408,5.58783730000794
Georgia,GEO,2003,11.0570310020104,0.837734531536568
Georgia,GEO,2004,5.79268292682926,5.65632636191132
Georgia,GEO,2005,9.59113832853026,8.24709043114158
Georgia,GEO,2006,9.42148081189909,9.16096508394497
Georgia,GEO,2007,12.5755698246405,9.24489745592404
Georgia,GEO,2008,2.42161440960641,9.99948761552747
Georgia,GEO,2009,-3.65075229596822,1.7275146113791
Georgia,GEO,2010,6.24640865303363,7.11017897486099
Georgia,GEO,2011,7.9343365253078,8.5429333333333
Georgia,GEO,2012,6.57883101954195,-0.943658853270964
Georgia,GEO,2013,5.13288531209382,-0.512058410947092
Georgia,GEO,2014,4.09049059581743,3.06881210379543
Georgia,GEO,2015,3.35102350265353,4.00357820695097
Georgia,GEO,2016,3.45021517996871,2.13492713939121
Georgia,GEO,2017,5.15990261658827,6.03531725272117
Georgia,GEO,2018,6.062036412677,2.6152447139767
Georgia,GEO,2019,5.38071926589951,4.85289821696723
Georgia,GEO,2020,-6.2904717853839,5.2024648897534
Georgia,GEO,2021,10.6442336580969,9.56691433824769
Georgia,GEO,2022,10.9585321385624,11.8981654203198
Georgia,GEO,2023,7.83220126555726,2.48776056578715
Ghana,GHA,2000,3.70000008164408,40.240933123914
Ghana,GHA,2001,4.00000012807919,41.509496287803
Ghana,GHA,2002,4.49999955900331,9.36093239560313
Ghana,GHA,2003,5.200000133101,29.7729797160384
Ghana,GHA,2004,5.59999999077445,18.0427388232565
Ghana,GHA,2005,5.90000381855104,15.4389920155908
Ghana,GHA,2006,6.39991260618034,11.6791839392492
Ghana,GHA,2007,4.34681910440079,10.7342665456292
Ghana,GHA,2008,9.14979893831817,16.494639613412
Ghana,GHA,2009,4.84448705175076,19.2469482220857
Ghana,GHA,2010,7.89971194051621,10.7333898354915
Ghana,GHA,2011,14.0471235803149,8.7284593709302
Ghana,GHA,2012,9.2927894063005,11.1863409441067
Ghana,GHA,2013,7.31252501678145,11.6661923071729
Ghana,GHA,2014,2.85624016330883,15.4896160333318
Ghana,GHA,2015,2.12075933817334,17.1499695007878
Ghana,GHA,2016,3.37346574966936,17.4546347070868
Ghana,GHA,2017,8.12889488100956,12.3719215507048
Ghana,GHA,2018,6.20007768127284,7.80876516610703
Ghana,GHA,2019,6.5077747939152,7.14364003330857
Ghana,GHA,2020,0.513941670628171,9.88728956269944
Ghana,GHA,2021,5.07646643533542,9.9710886750444
Ghana,GHA,2022,3.80484980952164,31.2558951049016
Ghana,GHA,2023,3.14009099763754,38.1069656296501
Gibraltar,GIB,2000,,
Gibraltar,GIB,2001,,
Gibraltar,GIB,2002,,
Gibraltar,GIB,2003,,
Gibraltar,GIB,2004,,
Gibraltar,GIB,2005,,
Gibraltar,GIB,2006,,
Gibraltar,GIB,2007,,
Gibraltar,GIB,2008,,
Gibraltar,GIB,2009,,
Gibraltar,GIB,2010,,
Gibraltar,GIB,2011,,
Gibraltar,GIB,2012,,
Gibraltar,GIB,2013,,
Gibraltar,GIB,2014,,
Gibraltar,GIB,2015,,
Gibraltar,GIB,2016,,
Gibraltar,GIB,2017,,
Gibraltar,GIB,2018,,
Gibraltar,GIB,2019,,
Gibraltar,GIB,2020,,
Gibraltar,GIB,2021,,
Gibraltar,GIB,2022,,
Gibraltar,GIB,2023,,
Guinea,GIN,2000,2.50306056299607,
Guinea,GIN,2001,3.65834646929586,
Guinea,GIN,2002,5.16460946696631,
Guinea,GIN,2003,1.24860125923698,
Guinea,GIN,2004,2.34011731288737,
Guinea,GIN,2005,2.99727256275818,31.3733025877534
Guinea,GIN,2006,1.18960211693242,34.6952705997072
Guinea,GIN,2007,6.81747111070281,18.1755656108597
Guinea,GIN,2008,4.13301615965833,23.065612938798
Guinea,GIN,2009,-1.12264204848687,4.68438868976504
Guinea,GIN,2010,4.81336016967553,15.0502688559001
Guinea,GIN,2011,5.61211177430975,21.3169268542577
Guinea,GIN,2012,5.91528626133322,15.2262941038638
Guinea,GIN,2013,3.94568708624053,11.8875884481828
Guinea,GIN,2014,3.69655311664086,6.1505055670642
Guinea,GIN,2015,3.82591056949435,11.7800825029834
Guinea,GIN,2016,10.82062719659,8.17268112275132
Guinea,GIN,2017,10.3000053427355,8.91435947913097
Guinea,GIN,2018,6.35849192736715,9.82761701259191
Guinea,GIN,2019,5.61691446889876,9.47001039253012
Guinea,GIN,2020,4.70459096113575,10.6016203387167
Guinea,GIN,2021,5.5823328114905,12.5972882566934
Guinea,GIN,2022,3.97240784200721,10.4930409984424
Guinea,GIN,2023,5.54172668627702,7.80497591927973
"Gambia, The",GMB,2000,5.50000021632955,0.8449695667737
"Gambia, The",GMB,2001,5.80000024323377,4.49259609239754
"Gambia, The",GMB,2002,-3.25000014970206,8.60912474386327
"Gambia, The",GMB,2003,6.86999962173842,17.0328665431988
"Gambia, The",GMB,2004,7.05000000064635,14.2067432845569
"Gambia, The",GMB,2005,-2.35172936176019,4.83862177543157
"Gambia, The",GMB,2006,-0.555580977246521,2.0565034236599
"Gambia, The",GMB,2007,3.04324950829739,5.36913473801957
"Gambia, The",GMB,2008,6.25590553394287,4.4436549094501
"Gambia, The",GMB,2009,6.6657243078367,4.56150687670983
"Gambia, The",GMB,2010,5.90833580968288,5.04968075857402
"Gambia, The",GMB,2011,-8.13044422315659,4.7958826618311
"Gambia, The",GMB,2012,5.24156924630741,4.25432199813899
"Gambia, The",GMB,2013,2.872768790327,5.69912989637382
"Gambia, The",GMB,2014,-1.40738249510954,5.94799935696626
"Gambia, The",GMB,2015,4.0580738039996,6.8084549457961
"Gambia, The",GMB,2016,1.94335965478776,7.22879272057922
"Gambia, The",GMB,2017,4.8226112492757,8.03418974545911
"Gambia, The",GMB,2018,7.23489033258579,6.52096823946573
"Gambia, The",GMB,2019,6.22205315994859,7.11567625631192
"Gambia, The",GMB,2020,0.591487287873974,5.93127636562441
"Gambia, The",GMB,2021,5.25596878816744,7.37034758876618
"Gambia, The",GMB,2022,5.49299823010114,11.5131198380505
"Gambia, The",GMB,2023,5.9167957146697,16.9742129632327
Guinea-Bissau,GNB,2000,1.10027815777423,8.63632094930278
Guinea-Bissau,GNB,2001,4.7859716500482,3.34812265527108
Guinea-Bissau,GNB,2002,3.65393603642713,3.30012175283752
Guinea-Bissau,GNB,2003,-0.285931052286514,-3.50258551103421
Guinea-Bissau,GNB,2004,1.17189152277038,0.883302696930943
Guinea-Bissau,GNB,2005,6.55977111846077,3.32919922802856
Guinea-Bissau,GNB,2006,2.66650493269572,1.95473717628916
Guinea-Bissau,GNB,2007,2.55982647078751,4.61743772241997
Guinea-Bissau,GNB,2008,4.52457514610252,10.4600731354706
Guinea-Bissau,GNB,2009,2.44795106098685,-1.65139733620775
Guinea-Bissau,GNB,2010,5.60536311358261,2.51785140171701
Guinea-Bissau,GNB,2011,8.08504167173554,5.046102263202
Guinea-Bissau,GNB,2012,-1.71286958446419,2.13054580274503
Guinea-Bissau,GNB,2013,3.25607190852087,1.20712555668405
Guinea-Bissau,GNB,2014,0.964525745841428,-1.50924460570494
Guinea-Bissau,GNB,2015,6.1340893623123,1.47672048910485
Guinea-Bissau,GNB,2016,5.4326782650304,1.50312055861088
Guinea-Bissau,GNB,2017,4.66367943913264,1.69111461822298
Guinea-Bissau,GNB,2018,3.76145359637003,0.381324702790992
Guinea-Bissau,GNB,2019,5.32749571119344,0.24660026814783
Guinea-Bissau,GNB,2020,2.89139814952995,1.14000939393222
Guinea-Bissau,GNB,2021,5.05055831244401,2.24248879577658
Guinea-Bissau,GNB,2022,5.52987253058352,9.39075933985203
Guinea-Bissau,GNB,2023,5.82749502627256,7.10220928557059
Equatorial Guinea,GNQ,2000,18.2137799569674,4.80228886901398
Equatorial Guinea,GNQ,2001,63.3798754250602,8.82538925854966
Equatorial Guinea,GNQ,2002,19.4628340359251,7.5924784983324
Equatorial Guinea,GNQ,2003,13.9552503163825,7.32354399351809
Equatorial Guinea,GNQ,2004,37.9987268556423,4.21968787094834
Equatorial Guinea,GNQ,2005,16.7487006053541,5.63163351357613
Equatorial Guinea,GNQ,2006,7.70491760658767,4.41589984169561
Equatorial Guinea,GNQ,2007,15.2821139194857,2.80373831775704
Equatorial Guinea,GNQ,2008,17.7991091333811,6.55176691184535
Equatorial Guinea,GNQ,2009,1.34335628806095,4.69106567747375
Equatorial Guinea,GNQ,2010,-8.92417588851806,7.78916547991184
Equatorial Guinea,GNQ,2011,6.52392362989873,4.805389221557
Equatorial Guinea,GNQ,2012,8.31287184445641,3.65662048278806
Equatorial Guinea,GNQ,2013,-4.13319850131583,2.94887694639662
Equatorial Guinea,GNQ,2014,0.415066301596866,4.30999866149107
Equatorial Guinea,GNQ,2015,-9.11004114881537,1.67663085315988
Equatorial Guinea,GNQ,2016,-8.81641723219757,1.41193915479015
Equatorial Guinea,GNQ,2017,-5.66750850486686,0.74435474661241
Equatorial Guinea,GNQ,2018,-6.23654406734575,1.06007410662171
Equatorial Guinea,GNQ,2019,-5.48182537893445,1.53027528964189
Equatorial Guinea,GNQ,2020,-4.79108083383294,4.76669523944228
Equatorial Guinea,GNQ,2021,0.860269956382069,-0.0971007664640198
Equatorial Guinea,GNQ,2022,3.22350831658598,4.78671704710803
Equatorial Guinea,GNQ,2023,-5.08930872071532,2.85949506037322
Greece,GRC,2000,4.13782699405849,3.15118162493827
Greece,GRC,2001,4.65041459442163,3.37396832213865
Greece,GRC,2002,4.68313727063017,3.62935871878874
Greece,GRC,2003,5.79682274294369,3.53065027765554
Greece,GRC,2004,5.37786634595851,2.89884810758167
Greece,GRC,2005,1.18350635493289,3.5450727333508
Greece,GRC,2006,6.44339762487436,3.19594684144543
Greece,GRC,2007,3.50686976639459,2.89500321516578
Greece,GRC,2008,0.0574740238200775,4.1527970811029
Greece,GRC,2009,-4.11927606715011,1.21007269197809
Greece,GRC,2010,-5.6937412158003,4.71298907760395
Greece,GRC,2011,-9.87677875300243,3.3298532335065
Greece,GRC,2012,-8.33113421099992,1.50152696177758
Greece,GRC,2013,-2.27211699888024,-0.921269454256899
Greece,GRC,2014,0.792225060962835,-1.31226096405525
Greece,GRC,2015,-0.228301892172851,-1.73588804765275
Greece,GRC,2016,-0.0317947678412054,-0.825653978391033
Greece,GRC,2017,1.47312472702352,1.12125452031425
Greece,GRC,2018,2.06467207892409,0.62562141345364
Greece,GRC,2019,2.27718065334808,0.253007522038059
Greece,GRC,2020,-9.19623149726978,-1.24798355581405
Greece,GRC,2021,8.65449786002131,1.22382501019854
Greece,GRC,2022,5.52198580589408,9.64525981280642
Greece,GRC,2023,2.13591131996631,3.46480128513405
Grenada,GRD,2000,4.88795213650562,2.18181818181821
Grenada,GRD,2001,-2.02390004072058,3.14099305202543
Grenada,GRD,2002,3.43732352954147,1.06721547992874
Grenada,GRD,2003,9.46397343076491,2.15492809908679
Grenada,GRD,2004,-0.647450316084857,2.3129167822611
Grenada,GRD,2005,13.2761883306272,3.475806937554
Grenada,GRD,2006,-3.99532824427482,4.25195321977967
Grenada,GRD,2007,6.12345094741467,3.85882922469653
Grenada,GRD,2008,0.947542624907697,8.0332732765034
Grenada,GRD,2009,-6.61328134799545,-0.308654779585642
Grenada,GRD,2010,-0.511146187173722,3.43650905943351
Grenada,GRD,2011,0.764773550338731,3.0334728033474
Grenada,GRD,2012,-1.15483816409801,2.41077704021862
Grenada,GRD,2013,2.35109801677905,-0.0439997864828058
Grenada,GRD,2014,7.34212396037948,-0.98360305555498
Grenada,GRD,2015,6.44522314693144,-0.515448031435329
Grenada,GRD,2016,3.7396039558691,1.65038994431573
Grenada,GRD,2017,4.43867566948151,0.908458255874249
Grenada,GRD,2018,4.36144039364797,0.804102313277033
Grenada,GRD,2019,0.676511738873756,0.598149764736022
Grenada,GRD,2020,-13.7566222572107,-0.740732597045498
Grenada,GRD,2021,4.6977240232674,1.21951193916838
Grenada,GRD,2022,7.31023806981959,2.5805392590792
Grenada,GRD,2023,4.52657497450693,2.69612269814564
Greenland,GRL,2000,7.10159688181619,
Greenland,GRL,2001,1.26903507902787,
Greenland,GRL,2002,-0.971177310665553,
Greenland,GRL,2003,4.43004572118211,
Greenland,GRL,2004,6.90658283676629,
Greenland,GRL,2005,4.98749177090193,
Greenland,GRL,2006,5.55569490080012,
Greenland,GRL,2007,2.3524379811805,
Greenland,GRL,2008,6.1661327018619,
Greenland,GRL,2009,0.865952328886948,
Greenland,GRL,2010,1.73582505889665,
Greenland,GRL,2011,-0.496519391959083,
Greenland,GRL,2012,1.39419335955625,
Greenland,GRL,2013,-1.29828069335511,
Greenland,GRL,2014,4.7421356730152,
Greenland,GRL,2015,-2.52931802394475,
Greenland,GRL,2016,4.68195410972302,
Greenland,GRL,2017,0.0527281828800312,
Greenland,GRL,2018,0.62306542854094,
Greenland,GRL,2019,2.83217756798683,
Greenland,GRL,2020,0.250789762104304,
Greenland,GRL,2021,1.63409410992996,
Greenland,GRL,2022,2.00455580865604,
Greenland,GRL,2023,0.865961986998158,
Guatemala,GTM,2000,3.6088687174876,5.97757734737136
Guatemala,GTM,2001,2.33257486608854,7.28587366610138
Guatemala,GTM,2002,3.83928708556792,8.13263054281054
Guatemala,GTM,2003,2.56037766801896,5.60347675434469
Guatemala,GTM,2004,3.13791683609193,7.57862247309729
Guatemala,GTM,2005,3.27602692588886,9.1086498571922
Guatemala,GTM,2006,5.35139778711536,6.56085282795384
Guatemala,GTM,2007,6.33771869016203,6.82161753590326
Guatemala,GTM,2008,3.29352400028485,11.355761126315
Guatemala,GTM,2009,0.476898106596394,1.85910254733028
Guatemala,GTM,2010,2.88417542800377,3.8595090983316
Guatemala,GTM,2011,4.16390688293349,6.214123930671
Guatemala,GTM,2012,2.97470856847661,3.78180754679678
Guatemala,GTM,2013,3.69481894978053,4.34337131279521
Guatemala,GTM,2014,4.44397783368888,3.4183616966296
Guatemala,GTM,2015,4.09217081621244,2.3887203283955
Guatemala,GTM,2016,2.67780277623314,4.44844199942827
Guatemala,GTM,2017,3.07985126948702,4.42453655182546
Guatemala,GTM,2018,3.40687348346576,3.75186186704508
Guatemala,GTM,2019,4.01789785040324,3.69998398008605
Guatemala,GTM,2020,-1.78555175063326,3.21444062197345
Guatemala,GTM,2021,8.04170378184928,4.26105127422813
Guatemala,GTM,2022,4.18451817243695,6.88512823344287
Guatemala,GTM,2023,3.5331575177533,6.20657592272126
Guam,GUM,2000,,
Guam,GUM,2001,,
Guam,GUM,2002,,
Guam,GUM,2003,0.879314134974734,
Guam,GUM,2004,6.49378949662236,
Guam,GUM,2005,3.64231634949867,
Guam,GUM,2006,-3.65251727541954,
Guam,GUM,2007,0.717213114754102,
Guam,GUM,2008,2.03458799593082,
Guam,GUM,2009,0.438683948155543,
Guam,GUM,2010,2.26325193567601,
Guam,GUM,2011,0.0776548243059523,
Guam,GUM,2012,2.13385063045585,
Guam,GUM,2013,1.69040835707501,
Guam,GUM,2014,1.79305192379529,
Guam,GUM,2015,0.825688073394488,
Guam,GUM,2016,0.18198362147406,
Guam,GUM,2017,0.890099909173486,
Guam,GUM,2018,-0.828231904933389,
Guam,GUM,2019,2.52360203340596,
Guam,GUM,2020,-10.5188595714539,
Guam,GUM,2021,2.0581832574708,
Guam,GUM,2022,5.09986426216793,
Guam,GUM,2023,,
Guyana,GUY,2000,-1.36380390261873,6.14854333024871
Guyana,GUY,2001,2.2795216592191,2.62741314203332
Guyana,GUY,2002,1.13262696199476,5.3410152137741
Guyana,GUY,2003,-0.632225388266377,5.98097814066473
Guyana,GUY,2004,1.56335211034042,4.66846622369882
Guyana,GUY,2005,-1.95095759501714,6.92554303890157
Guyana,GUY,2006,5.12960934773,6.67715790410028
Guyana,GUY,2007,7.19123624057457,12.2001544446648
Guyana,GUY,2008,1.75522349592019,8.10202206969276
Guyana,GUY,2009,3.61150847218585,2.95230096381001
Guyana,GUY,2010,4.13844160137342,3.73337757704246
Guyana,GUY,2011,5.19625156051602,4.9777356370697
Guyana,GUY,2012,5.27633062046809,2.39193521312334
Guyana,GUY,2013,3.65338433338232,1.90125181860582
Guyana,GUY,2014,1.68649445019584,0.852630497539914
Guyana,GUY,2015,0.687404590619494,-1.00173432776374
Guyana,GUY,2016,3.80745626378814,0.836008061506207
Guyana,GUY,2017,3.73449154571284,1.90465615515584
Guyana,GUY,2018,4.44091288475967,1.28284288443528
Guyana,GUY,2019,5.35284003535665,2.08723089162013
Guyana,GUY,2020,43.479651716849,0.99333702283873
Guyana,GUY,2021,20.0599975568418,5.03285574626702
Guyana,GUY,2022,63.3346343654855,6.11505550109935
Guyana,GUY,2023,33.795011115873,2.82110335099641
"Hong Kong SAR, China",HKG,2000,7.6634341189713,-3.68550368550369
"Hong Kong SAR, China",HKG,2001,0.560861638399899,-1.65816326530609
"Hong Kong SAR, China",HKG,2002,1.65668551983116,-2.98313878080415
"Hong Kong SAR, China",HKG,2003,3.05632955101336,-2.67379679144394
"Hong Kong SAR, China",HKG,2004,8.70010092519611,-0.274725274725253
"Hong Kong SAR, China",HKG,2005,7.38818981322424,0.826446280991827
"Hong Kong SAR, China",HKG,2006,7.03267723716037,2.00025160397534
"Hong Kong SAR, China",HKG,2007,6.46480843115236,2.03502713369511
"Hong Kong SAR, China",HKG,2008,2.1279154483889,4.30315484104921
"Hong Kong SAR, China",HKG,2009,-2.45915292608368,0.579441418472608
"Hong Kong SAR, China",HKG,2010,6.76768834119794,2.29289088604673
"Hong Kong SAR, China",HKG,2011,4.81470669259771,5.3052489299392
"Hong Kong SAR, China",HKG,2012,1.70030613669923,4.05390950903844
"Hong Kong SAR, China",HKG,2013,3.10152391561608,4.33799342105267
"Hong Kong SAR, China",HKG,2014,2.76242639191302,4.42364532019699
"Hong Kong SAR, China",HKG,2015,2.38777942738729,2.99084819322581
"Hong Kong SAR, China",HKG,2016,2.17542886502997,2.40930743862224
"Hong Kong SAR, China",HKG,2017,3.79611114629799,1.49387243939522
"Hong Kong SAR, China",HKG,2018,2.84695146463069,2.40613432046534
"Hong Kong SAR, China",HKG,2019,-1.6724459934221,2.88320853773996
"Hong Kong SAR, China",HKG,2020,-6.54480412699255,0.2509620210808
"Hong Kong SAR, China",HKG,2021,6.45444409087024,1.56875834445922
"Hong Kong SAR, China",HKG,2022,-3.68378414495199,1.88136707196853
"Hong Kong SAR, China",HKG,2023,3.2238599613664,2.09660511249089
Honduras,HND,2000,9.61221881702615,11.0480349344976
Honduras,HND,2001,2.72319327321379,9.67415556865377
Honduras,HND,2002,3.75433786119939,7.69050972034271
Honduras,HND,2003,4.54703805165397,7.67416639397937
Honduras,HND,2004,6.23230296069102,8.1137909709338
Honduras,HND,2005,6.05059922215973,8.80906074819819
Honduras,HND,2006,6.56724355177587,5.57775207654298
Honduras,HND,2007,6.18832716678008,6.93621470895774
Honduras,HND,2008,4.23160011009342,11.4034270813932
Honduras,HND,2009,-2.43162787988011,5.49634273772208
Honduras,HND,2010,3.73114034433009,4.69889064976226
Honduras,HND,2011,3.83569066207505,6.7622795731476
Honduras,HND,2012,4.12868774866939,5.19618615531848
Honduras,HND,2013,2.79155975746801,5.16189898581494
Honduras,HND,2014,3.0580805621437,6.12924930313022
Honduras,HND,2015,3.84007997093951,3.15783117980923
Honduras,HND,2016,3.89297219726413,2.72461223295289
Honduras,HND,2017,4.84291391050387,3.93436084442044
Honduras,HND,2018,3.84499476966735,4.34734937777528
Honduras,HND,2019,2.55963434592314,4.36587159819267
Honduras,HND,2020,-8.96508223267296,3.46841177951184
Honduras,HND,2021,12.5652843771279,4.48087963413445
Honduras,HND,2022,4.14356194013767,9.08963911525025
Honduras,HND,2023,3.57584760454412,6.66325180347457
Croatia,HRV,2000,2.94525315127181,4.61131554737801
Croatia,HRV,2001,3.11123490972072,3.77670246665889
Croatia,HRV,2002,5.80332825904055,1.67178437393383
Croatia,HRV,2003,5.56837282817526,1.76733780760629
Croatia,HRV,2004,4.17048489878957,2.05539679050328
Croatia,HRV,2005,4.3270764246793,3.31717824448045
Croatia,HRV,2006,5.06907770841399,3.18982591472949
Croatia,HRV,2007,5.04927635248129,2.89928275583388
Croatia,HRV,2008,1.97287006723876,6.07696838798354
Croatia,HRV,2009,-6.81231217572574,2.37852845904674
Croatia,HRV,2010,-1.33604672354973,1.03055505333574
Croatia,HRV,2011,-0.110906722446629,2.2727272727273
Croatia,HRV,2012,-2.23743360119771,3.41207349081358
Croatia,HRV,2013,-0.13364573653061,2.21658206429779
Croatia,HRV,2014,-0.557692913614588,-0.215196159576268
Croatia,HRV,2015,2.31998692708386,-0.464499004644911
Croatia,HRV,2016,3.46646114288178,-1.12500000000002
Croatia,HRV,2017,3.28396321643012,1.12937210282347
Croatia,HRV,2018,2.91107593407843,1.50012501041756
Croatia,HRV,2019,3.10152683894853,0.771820346498019
Croatia,HRV,2020,-8.31086401501189,0.154811374562106
Croatia,HRV,2021,12.6322190351024,2.55450699642041
Croatia,HRV,2022,7.29445343642668,10.7805806758686
Croatia,HRV,2023,3.76164540703459,7.9412817758683
Haiti,HTI,2000,0.870059259424892,9.33322197565603
Haiti,HTI,2001,-0.342747883252144,13.31672224251
Haiti,HTI,2002,1.05182013450109,7.03287406224601
Haiti,HTI,2003,3.48077973188326,28.6995777887374
Haiti,HTI,2004,-1.3178567596495,21.0318339277222
Haiti,HTI,2005,3.07217337664731,13.973008326384
Haiti,HTI,2006,1.76875060288195,11.3452152244299
Haiti,HTI,2007,4.70652994008303,6.55722772638066
Haiti,HTI,2008,2.6580323082747,15.2817744823772
Haiti,HTI,2009,5.89037894844316,0.393886040173341
Haiti,HTI,2010,-5.65151153448299,4.82734190074673
Haiti,HTI,2011,5.09821354410036,6.33279483849042
Haiti,HTI,2012,0.502424403581585,5.01804155429246
Haiti,HTI,2013,4.32478411472874,4.76502404779142
Haiti,HTI,2014,2.88877250863379,3.43816659958601
Haiti,HTI,2015,1.40000000859727,6.73184069658997
Haiti,HTI,2016,1.81246807847532,11.5029073942666
Haiti,HTI,2017,2.51027134544685,10.6800887242584
Haiti,HTI,2018,1.66781095484656,12.4814111170435
Haiti,HTI,2019,-1.72309699839232,18.7037825672506
Haiti,HTI,2020,-3.30550546965893,22.7963113642528
Haiti,HTI,2021,-1.79823988931486,16.8415240198785
Haiti,HTI,2022,-1.68198396897978,33.98393194707
Haiti,HTI,2023,-1.86388420254838,36.8135162780854
Hungary,HUN,2000,4.40937501806403,9.80361016908125
Hungary,HUN,2001,4.06202617226026,9.11680911680911
Hungary,HUN,2002,4.73006530805553,5.26544821583985
Hungary,HUN,2003,3.93877761242727,4.66101694915254
Hungary,HUN,2004,4.96312536156307,6.74434679569469
Hungary,HUN,2005,4.30028318461673,3.56151711378352
Hungary,HUN,2006,3.93393162712054,3.93032603841001
Hungary,HUN,2007,0.332354337878925,7.9587451654491
Hungary,HUN,2008,0.993437085479655,6.0425125388106
Hungary,HUN,2009,-6.7401660845502,4.21171171171171
Hungary,HUN,2010,1.06795068152046,4.85555795691956
Hungary,HUN,2011,1.91670916599742,3.9299209893507
Hungary,HUN,2012,-1.33948446518181,5.65214517088646
Hungary,HUN,2013,2.03216990678146,1.73319984983101
Hungary,HUN,2014,4.33435364113967,-0.227566270988219
Hungary,HUN,2015,3.65981615406955,-0.0616446800641672
Hungary,HUN,2016,2.43864141309342,0.394769306686392
Hungary,HUN,2017,4.12418389451805,2.34824281150154
Hungary,HUN,2018,5.60613813768876,2.85024792594646
Hungary,HUN,2019,5.07718495088933,3.33858635382008
Hungary,HUN,2020,-4.33872540024058,3.32674385766738
Hungary,HUN,2021,7.22291580811137,5.11096534382855
Hungary,HUN,2022,4.15238057779229,14.6081439492433
Hungary,HUN,2023,-0.817107370513455,17.1249659678737
Indonesia,IDN,2000,4.9200677470169,3.68862037056682
Indonesia,IDN,2001,3.64346644721492,11.5001160550887
Indonesia,IDN,2002,4.49947539085764,11.9001200338414
Indonesia,IDN,2003,4.78036912167654,6.75731256333564
Indonesia,IDN,2004,5.03087394501685,6.06406189133648
Indonesia,IDN,2005,5.69257130383384,10.4532001873347
Indonesia,IDN,2006,5.50095178520348,13.108670985346
Indonesia,IDN,2007,6.34502222667214,6.40656087966005
Indonesia,IDN,2008,6.01370360009123,10.2266663272483
Indonesia,IDN,2009,4.62887118256153,4.38641311792074
Indonesia,IDN,2010,6.22385418062366,5.13420639015885
Indonesia,IDN,2011,6.16978420771008,5.35604849112582
Indonesia,IDN,2012,6.03005065305615,4.2795142691943
Indonesia,IDN,2013,5.5572636889101,6.41249457900391
Indonesia,IDN,2014,5.006668425755,6.39492882396559
Indonesia,IDN,2015,4.87632230022123,6.36312061196646
Indonesia,IDN,2016,5.03306918280177,3.52580452815451
Indonesia,IDN,2017,5.06978590134916,3.80879857691949
Indonesia,IDN,2018,5.17429153955024,3.19834755924996
Indonesia,IDN,2019,5.01928768046282,3.03058460941661
Indonesia,IDN,2020,-2.06551182934165,1.91983527270793
Indonesia,IDN,2021,3.70288562827751,1.56007882983334
Indonesia,IDN,2022,5.30719722664799,4.20946463714784
Indonesia,IDN,2023,5.04902331835997,3.66938654859761
Isle of Man,IMN,2000,5.30000152552805,
Isle of Man,IMN,2001,5.39999903126116,
Isle of Man,IMN,2002,6.19999819490684,
Isle of Man,IMN,2003,5.99999968812641,
Isle of Man,IMN,2004,5.20000310402496,
Isle of Man,IMN,2005,5.89999933576675,
Isle of Man,IMN,2006,7.69999871253432,
Isle of Man,IMN,2007,7.50000022988817,
Isle of Man,IMN,2008,4.90000100081545,
Isle of Man,IMN,2009,2.10000027181374,
Isle of Man,IMN,2010,3.39999842395957,
Isle of Man,IMN,2011,1.99999938207415,
Isle of Man,IMN,2012,7.30389108511717,
Isle of Man,IMN,2013,4.14186158753493,
Isle of Man,IMN,2014,5.15509983748599,
Isle of Man,IMN,2015,-0.385866882198087,
Isle of Man,IMN,2016,6.95230284899407,
Isle of Man,IMN,2017,2.83775807093689,
Isle of Man,IMN,2018,2.2133975392251,
Isle of Man,IMN,2019,0.254877847398262,
Isle of Man,IMN,2020,-8.83681697473475,
Isle of Man,IMN,2021,3.83783632334639,
Isle of Man,IMN,2022,-4.16539345213232,
Isle of Man,IMN,2023,,
India,IND,2000,3.84099115659129,4.0094359104519
India,IND,2001,4.82396626555771,3.77929312235637
India,IND,2002,3.80397532112175,4.29715203929563
India,IND,2003,7.8603814759073,3.80585899528851
India,IND,2004,7.92293661199932,3.76725173477515
India,IND,2005,7.92343062148318,4.24634362031922
India,IND,2006,8.06073257166651,5.79652337561634
India,IND,2007,7.6608150670107,6.37288135593231
India,IND,2008,3.08669805921981,8.34926704907581
India,IND,2009,7.86188883286074,10.8823529411764
India,IND,2010,8.49758470221235,11.9893899204244
India,IND,2011,5.24131619937695,8.91179336483371
India,IND,2012,5.45638755166587,9.47899691419801
India,IND,2013,6.38610640094825,10.0178784746102
India,IND,2014,7.41022760508854,6.66565671867899
India,IND,2015,7.99625378571471,4.90697344127256
India,IND,2016,8.25630550179086,4.94821634062141
India,IND,2017,6.79538341897911,3.32817337461298
India,IND,2018,6.45385134497769,3.9388264669163
India,IND,2019,3.87143694070356,3.72950573539129
India,IND,2020,-5.77772470686801,6.62343677628535
India,IND,2021,9.68959249192875,5.13140747176369
India,IND,2022,7.60936497768895,6.69903414079852
India,IND,2023,9.19075493028345,5.64914318907925
Ireland,IRL,2000,9.40352476399653,5.57763269940387
Ireland,IRL,2001,5.30582133514299,4.85280279607477
Ireland,IRL,2002,5.89936506079005,4.62820512820515
Ireland,IRL,2003,3.01383869396012,3.49221909079765
Ireland,IRL,2004,6.78813990621356,2.17854605730523
Ireland,IRL,2005,5.73978202625278,2.45654692931639
Ireland,IRL,2006,4.98785364537615,3.93576114001354
Ireland,IRL,2007,5.31011830898613,4.88574537540802
Ireland,IRL,2008,-4.48407081043062,4.03568834941391
Ireland,IRL,2009,-5.09578277913846,-4.44754686876746
Ireland,IRL,2010,1.68297175486512,-0.918388645376774
Ireland,IRL,2011,1.60886648916944,2.5489783020855
Ireland,IRL,2012,-0.40502941658977,1.69474116680366
Ireland,IRL,2013,2.1929375750029,0.515099484900573
Ireland,IRL,2014,9.38579335130922,0.190916398713745
Ireland,IRL,2015,24.6239856364006,-0.330959783371788
Ireland,IRL,2016,1.22271661130947,0.0201247735963237
Ireland,IRL,2017,10.1088576065965,0.362173038229378
Ireland,IRL,2018,7.68865937437435,0.471130713712916
Ireland,IRL,2019,4.97288003766816,0.937842961189274
Ireland,IRL,2020,7.15369505735335,-0.326183651280033
Ireland,IRL,2021,16.2581881158197,2.34034113447044
Ireland,IRL,2022,7.51113888415304,7.82945736434105
Ireland,IRL,2023,-2.53637409313261,6.29942487419125
"Iran, Islamic Rep.",IRN,2000,5.84552747578209,14.4767513188567
"Iran, Islamic Rep.",IRN,2001,2.39217271207868,11.2742471332117
"Iran, Islamic Rep.",IRN,2002,8.07882927975243,14.3359337378404
"Iran, Islamic Rep.",IRN,2003,8.6392983972006,16.4680116244792
"Iran, Islamic Rep.",IRN,2004,4.33666597851041,14.7615086970672
"Iran, Islamic Rep.",IRN,2005,3.18980408728824,13.433118008508
"Iran, Islamic Rep.",IRN,2006,4.99979526181222,10.0158982511924
"Iran, Islamic Rep.",IRN,2007,8.15577352358517,17.3410404624277
"Iran, Islamic Rep.",IRN,2008,0.250856553493634,25.4105090311987
"Iran, Islamic Rep.",IRN,2009,1.00738545790475,13.5515548281506
"Iran, Islamic Rep.",IRN,2010,5.79793830169604,10.0893629287979
"Iran, Islamic Rep.",IRN,2011,2.6457179180628,26.2933856738608
"Iran, Islamic Rep.",IRN,2012,-3.74717139864109,27.2568127242908
"Iran, Islamic Rep.",IRN,2013,-1.52197920494184,36.6030355191029
"Iran, Islamic Rep.",IRN,2014,4.98477506709476,16.6065532357449
"Iran, Islamic Rep.",IRN,2015,-1.42488493937503,12.4846815611533
"Iran, Islamic Rep.",IRN,2016,8.8150866425182,7.24542548952979
"Iran, Islamic Rep.",IRN,2017,3.02685468694025,8.04492437660278
"Iran, Islamic Rep.",IRN,2018,-3.74796015711334,18.0141183371874
"Iran, Islamic Rep.",IRN,2019,-2.36143538770575,39.9073455697784
"Iran, Islamic Rep.",IRN,2020,4.44180865358672,30.5941390387295
"Iran, Islamic Rep.",IRN,2021,4.13089685034471,43.3890162681514
"Iran, Islamic Rep.",IRN,2022,4.35281087521344,43.4884641742179
"Iran, Islamic Rep.",IRN,2023,5.33235117216407,44.5791857572797
Iraq,IRQ,2000,16.7961344440251,4.97896213183735
Iraq,IRQ,2001,1.76660876568174,16.3740814963262
Iraq,IRQ,2002,-8.20370481187175,19.316694601979
Iraq,IRQ,2003,-36.6567804383165,33.6162105992383
Iraq,IRQ,2004,53.3855472887501,26.9619068193272
Iraq,IRQ,2005,1.67522863586828,36.9594809201871
Iraq,IRQ,2006,5.63829915220637,53.230962911428
Iraq,IRQ,2007,1.88853936243953,-10.0674925768978
Iraq,IRQ,2008,8.22810710383277,12.6628528269228
Iraq,IRQ,2009,3.37929909442771,6.8736154721255
Iraq,IRQ,2010,6.40256484471193,2.8777472527476
Iraq,IRQ,2011,7.546471200426,5.801455370853
Iraq,IRQ,2012,13.9364301737537,6.08909641595043
Iraq,IRQ,2013,7.62828592298754,1.87949800749469
Iraq,IRQ,2014,2.26368817563613,2.23597407904679
Iraq,IRQ,2015,2.60676642939541,1.39333028780309
Iraq,IRQ,2016,13.7873730187089,0.556521397155511
Iraq,IRQ,2017,-1.81975035118309,0.18405889884769
Iraq,IRQ,2018,2.63385099105624,0.367441488936849
Iraq,IRQ,2019,5.51379057542323,-0.198965380023928
Iraq,IRQ,2020,-12.0367930931152,0.574162679425795
Iraq,IRQ,2021,1.50218070952037,6.04186489058044
Iraq,IRQ,2022,7.95904804992662,4.99476596381044
Iraq,IRQ,2023,0.517705525131191,4.35835351089586
Iceland,ISL,2000,4.90518213679276,5.13647123245151
Iceland,ISL,2001,3.84093935130252,6.40508550386868
Iceland,ISL,2002,0.542286728015213,5.19702230216628
Iceland,ISL,2003,2.28136971731965,2.05566329753742
Iceland,ISL,2004,7.62260520117914,3.15819324298464
Iceland,ISL,2005,7.0293406083855,3.98704782806593
Iceland,ISL,2006,5.67161248460013,6.68707906136661
Iceland,ISL,2007,8.74132941508014,5.05155736492146
Iceland,ISL,2008,1.69961076077263,12.6943942775878
Iceland,ISL,2009,-8.32146414328021,12.0031298461743
Iceland,ISL,2010,-2.22181847599202,5.39673113167477
Iceland,ISL,2011,1.37999669140882,4.0010266434312
Iceland,ISL,2012,1.16931174886884,5.18589988750698
Iceland,ISL,2013,3.59695700972851,3.87227923748249
Iceland,ISL,2014,1.91381609098249,2.04461481539333
Iceland,ISL,2015,3.76859023848581,1.63305558181326
Iceland,ISL,2016,6.21808764217616,1.69692761997751
Iceland,ISL,2017,3.48506703916689,1.76041559180596
Iceland,ISL,2018,4.66077032612084,2.68291768267392
Iceland,ISL,2019,1.13821230465001,3.01397179156053
Iceland,ISL,2020,-6.64587816297836,2.84792401518665
Iceland,ISL,2021,5.1805719742238,4.44423970189739
Iceland,ISL,2022,8.82069395623492,8.3087551155892
Iceland,ISL,2023,5.18615760140189,8.73630299937298
Israel,ISR,2000,8.58208942390802,1.03263640999489
Israel,ISR,2001,0.277927326527333,1.12302839116721
Israel,ISR,2002,-0.134072634658438,5.80234589468429
Israel,ISR,2003,1.4490576944626,0.70763061681807
Israel,ISR,2004,4.64789744397389,-0.421595034547416
Israel,ISR,2005,4.38778887041551,1.34070328119492
Israel,ISR,2006,5.60162698158004,2.05407914587443
Israel,ISR,2007,6.32334950499747,0.466226972936065
Israel,ISR,2008,3.22209599987266,4.52744765138651
Israel,ISR,2009,1.23773159721814,3.3676231727125
Israel,ISR,2010,5.53434033902194,2.70270270270273
Israel,ISR,2011,5.51879621371651,3.48837209302323
Israel,ISR,2012,2.44716836741318,1.67553715750052
Israel,ISR,2013,4.08570918638205,1.58976347421476
Israel,ISR,2014,3.77582843213109,0.467557251908503
Israel,ISR,2015,2.23760317482488,-0.617342577642765
Israel,ISR,2016,4.45978271860821,-0.535168195718695
Israel,ISR,2017,4.3469311670646,0.249807840123008
Israel,ISR,2018,4.00389862187025,0.805060379528526
Israel,ISR,2019,3.71049632750405,0.817645940292794
Israel,ISR,2020,-2.02161548237589,-0.575254620897756
Israel,ISR,2021,9.38837403354628,1.47965474722561
Israel,ISR,2022,6.26326343841286,4.41162725488371
Israel,ISR,2023,1.82652049482384,4.22522603168918
Italy,ITA,2000,3.88209885062652,2.53768532095002
Italy,ITA,2001,2.00643329837733,2.78516542713554
Italy,ITA,2002,0.26992966378873,2.46532319171165
Italy,ITA,2003,0.0665538088732092,2.6725555277285
Italy,ITA,2004,1.4740217064723,2.20673661423657
Italy,ITA,2005,0.762410677306491,1.9852929852798
Italy,ITA,2006,1.79947992234244,2.09084391012754
Italy,ITA,2007,1.46229205289291,1.82974112202403
Italy,ITA,2008,-1.02313851177097,3.34783258401022
Italy,ITA,2009,-5.30515401233991,0.774768131387381
Italy,ITA,2010,1.52910573247101,1.52551602118248
Italy,ITA,2011,0.695463154440176,2.78063272879323
Italy,ITA,2012,-3.12523877282996,3.04136333226775
Italy,ITA,2013,-1.81802510749792,1.21999342274306
Italy,ITA,2014,-0.00138761730454462,0.241047429826756
Italy,ITA,2015,0.885667635240807,0.0387903996579733
Italy,ITA,2016,1.23622108511661,-0.09401665691575
Italy,ITA,2017,1.60369995294101,1.22653316645812
Italy,ITA,2018,0.826646712344115,1.13748763600391
Italy,ITA,2019,0.429162533780342,0.611246943765304
Italy,ITA,2020,-8.86822122185345,-0.13770757391651
Italy,ITA,2021,8.93106210800055,1.87378325762481
Italy,ITA,2022,4.82117669913565,8.20128991161718
Italy,ITA,2023,0.975694840127005,5.62219442195901
Jamaica,JAM,2000,0.87870355044231,8.17108356120225
Jamaica,JAM,2001,1.34492956615135,6.8019093078759
Jamaica,JAM,2002,1.99729094191295,7.07635009310985
Jamaica,JAM,2003,3.66631759041991,10.0869565217391
Jamaica,JAM,2004,1.32372510450574,13.5545023696682
Jamaica,JAM,2005,0.893797935409893,15.0528658875905
Jamaica,JAM,2006,2.89912534481287,8.56106408706157
Jamaica,JAM,2007,1.43195403769627,9.24482067275562
Jamaica,JAM,2008,-0.811736702186792,22.0228384991843
Jamaica,JAM,2009,-4.34530185828071,9.59224598930482
Jamaica,JAM,2010,-1.45714720850386,12.6105519975603
Jamaica,JAM,2011,1.73037627006349,7.555856465809
Jamaica,JAM,2012,-0.613636042132399,6.87397708674309
Jamaica,JAM,2013,0.517686011311724,9.34150076569673
Jamaica,JAM,2014,0.689822359762587,8.27407886231419
Jamaica,JAM,2015,0.92148712399856,3.69154228855725
Jamaica,JAM,2016,2.76043761369557,2.35102197485846
Jamaica,JAM,2017,2.29303371291363,4.37839864991561
Jamaica,JAM,2018,2.51584458612513,3.73663882152163
Jamaica,JAM,2019,1.80943147301357,3.90510000865872
Jamaica,JAM,2020,-8.30441923583135,5.2267777929352
Jamaica,JAM,2021,5.70467978309095,5.86278242801063
Jamaica,JAM,2022,6.43930323656186,10.3495688391272
Jamaica,JAM,2023,2.74634433906714,6.47413734662063
Jordan,JOR,2000,4.24571192079179,0.66688092559796
Jordan,JOR,2001,5.26995757513571,1.77220437351017
Jordan,JOR,2002,5.78380792679296,1.83299389002049
Jordan,JOR,2003,4.16166755544407,1.62999999999998
Jordan,JOR,2004,8.56721424236899,3.36186821476601
Jordan,JOR,2005,8.14659481079931,3.49368534619531
Jordan,JOR,2006,8.09297527811933,6.25172466656443
Jordan,JOR,2007,8.17616995204646,4.74390639021648
Jordan,JOR,2008,7.22038637280139,13.9712310012729
Jordan,JOR,2009,5.02371007272669,-0.739069743144777
Jordan,JOR,2010,2.31483422063046,4.84551875852116
Jordan,JOR,2011,2.73717988632104,4.1624416292779
Jordan,JOR,2012,2.42935800100238,4.5152295667099
Jordan,JOR,2013,2.60994737548631,4.82462314269537
Jordan,JOR,2014,3.38407809933472,2.89947905006057
Jordan,JOR,2015,2.49652879315188,-0.876851359704049
Jordan,JOR,2016,1.9941808493012,-0.778430463054142
Jordan,JOR,2017,2.47359815449045,3.32389447576097
Jordan,JOR,2018,1.91907091341564,4.46231108475481
Jordan,JOR,2019,1.75124077866225,0.761514047265601
Jordan,JOR,2020,-1.10275188309046,0.333294350628378
Jordan,JOR,2021,3.65564358999147,1.34609377243118
Jordan,JOR,2022,2.64743514912058,4.22915568897117
Jordan,JOR,2023,2.88408339281683,2.08486986327134
Japan,JPN,2000,2.76464755136783,-0.676578683595175
Japan,JPN,2001,0.386103426142029,-0.740055504162738
Japan,JPN,2002,0.0419624992862282,-0.923494026942321
Japan,JPN,2003,1.53512549946694,-0.256541816316025
Japan,JPN,2004,2.18611569439318,-0.00857338820310272
Japan,JPN,2005,1.80390087215821,-0.282946068764391
Japan,JPN,2006,1.3723501275831,0.249355116079085
Japan,JPN,2007,1.48396941157472,0.060039454498669
Japan,JPN,2008,-1.22428900061713,1.3800788616492
Japan,JPN,2009,-5.69323635892741,-1.35283672951719
Japan,JPN,2010,4.09791791943181,-0.728243207517779
Japan,JPN,2011,0.0238095237995424,-0.27245561610124
Japan,JPN,2012,1.37475099905274,-0.0440645104432602
Japan,JPN,2013,2.00510017681211,0.335037912184741
Japan,JPN,2014,0.296205514141889,2.75922671353253
Japan,JPN,2015,1.56062669680782,0.795279630579839
Japan,JPN,2016,0.753826745789127,-0.127258844489754
Japan,JPN,2017,1.67533175173359,0.484199796126385
Japan,JPN,2018,0.643391023533141,0.989094598021848
Japan,JPN,2019,-0.402169200894946,0.46877615938395
Japan,JPN,2020,-4.16876457146743,-0.024995834027731
Japan,JPN,2021,2.69657404187188,-0.233352779398264
Japan,JPN,2022,0.941998775483285,2.49770278172255
Japan,JPN,2023,1.47503481053384,3.26813365933163
Kazakhstan,KAZ,2000,9.80000000214156,13.1808905865731
Kazakhstan,KAZ,2001,13.4999999984358,8.35413777161344
Kazakhstan,KAZ,2002,9.79999999960842,5.83692452105643
Kazakhstan,KAZ,2003,9.30000000033759,6.4382181011894
Kazakhstan,KAZ,2004,9.60000000136854,6.88205438981899
Kazakhstan,KAZ,2005,9.69999999922682,7.57999929125766
Kazakhstan,KAZ,2006,10.7,8.72169386091726
Kazakhstan,KAZ,2007,8.89999999999405,10.8468362075557
Kazakhstan,KAZ,2008,3.30000000021091,17.139899777207
Kazakhstan,KAZ,2009,1.19999999942873,7.31607858288578
Kazakhstan,KAZ,2010,7.30000000329814,7.40046356341396
Kazakhstan,KAZ,2011,7.40000000144188,8.4529046617679
Kazakhstan,KAZ,2012,4.79999999528297,5.19568369035073
Kazakhstan,KAZ,2013,5.99999999671084,5.94283871648418
Kazakhstan,KAZ,2014,4.20000000566705,6.84944977003358
Kazakhstan,KAZ,2015,1.20000000053288,6.67828585615236
Kazakhstan,KAZ,2016,1.09999999910173,14.3610942386248
Kazakhstan,KAZ,2017,4.10000000257358,7.44266321306792
Kazakhstan,KAZ,2018,4.09999999309841,6.16366247577762
Kazakhstan,KAZ,2019,4.50000000091883,5.33356098916669
Kazakhstan,KAZ,2020,-2.49999999628,6.71815454861458
Kazakhstan,KAZ,2021,4.29999999729456,8.04147134028401
Kazakhstan,KAZ,2022,3.19999999970734,15.0278644440851
Kazakhstan,KAZ,2023,5.09999999973641,14.5275597825952
Kenya,KEN,2000,0.599695390807426,9.98002515350979
Kenya,KEN,2001,3.77990649795343,5.73859814341467
Kenya,KEN,2002,0.546859530175595,1.96130821739162
Kenya,KEN,2003,2.93247554570904,9.81569062979654
Kenya,KEN,2004,5.10429977629738,11.6240355442426
Kenya,KEN,2005,5.90666607980057,10.3127783574683
Kenya,KEN,2006,6.47249430015484,14.4537342081708
Kenya,KEN,2007,6.85072976998784,9.75888023027529
Kenya,KEN,2008,0.232282744812977,26.2398166445063
Kenya,KEN,2009,3.30693981631089,9.23412592394652
Kenya,KEN,2010,8.05847360290906,3.96138889115385
Kenya,KEN,2011,5.1211061197056,14.0224913014704
Kenya,KEN,2012,4.56867961444982,9.37777003547598
Kenya,KEN,2013,3.7978483925754,5.71749357037733
Kenya,KEN,2014,5.02011100232484,6.87815499275949
Kenya,KEN,2015,4.96772112759767,6.58215429284779
Kenya,KEN,2016,4.21351706814744,6.29724953814625
Kenya,KEN,2017,3.83795817364721,8.00564967709945
Kenya,KEN,2018,5.64794640709219,4.6898064677633
Kenya,KEN,2019,5.11415885767801,5.23963795764792
Kenya,KEN,2020,-0.272766327438816,5.40516207933392
Kenya,KEN,2021,7.59048947333467,6.10793603659176
Kenya,KEN,2022,4.85998104287999,7.65986268272224
Kenya,KEN,2023,5.71999241214208,7.67139634029402
Kyrgyz Republic,KGZ,2000,5.44333663288322,18.7007342838023
Kyrgyz Republic,KGZ,2001,5.32162141190466,6.9196798942304
Kyrgyz Republic,KGZ,2002,-0.0173246130360667,2.13420986310243
Kyrgyz Republic,KGZ,2003,7.03029319731168,2.97461295184355
Kyrgyz Republic,KGZ,2004,7.02681242497607,4.11065084723381
Kyrgyz Republic,KGZ,2005,-0.175515404044219,4.3386739184431
Kyrgyz Republic,KGZ,2006,3.10289874199981,5.55212333162542
Kyrgyz Republic,KGZ,2007,8.54287477507607,10.2301032660484
Kyrgyz Republic,KGZ,2008,8.40161604861429,24.5201024234102
Kyrgyz Republic,KGZ,2009,2.88629457537731,6.83656248105368
Kyrgyz Republic,KGZ,2010,-0.471566596791618,7.96772225579684
Kyrgyz Republic,KGZ,2011,5.95627429693504,16.6363262731495
Kyrgyz Republic,KGZ,2012,-0.0881501998439376,2.76844236540957
Kyrgyz Republic,KGZ,2013,10.9154694528045,6.61375202358082
Kyrgyz Republic,KGZ,2014,4.02403863083252,7.5342472977589
Kyrgyz Republic,KGZ,2015,3.87582544512439,6.50331838993384
Kyrgyz Republic,KGZ,2016,4.33585592190116,0.388838296895799
Kyrgyz Republic,KGZ,2017,4.73993722377884,3.1753098637994
Kyrgyz Republic,KGZ,2018,3.75791013557165,1.54266145238436
Kyrgyz Republic,KGZ,2019,4.60062565707598,1.13362257718804
Kyrgyz Republic,KGZ,2020,-7.14897757727955,6.32542296338078
Kyrgyz Republic,KGZ,2021,5.50700762671923,11.9050398185147
Kyrgyz Republic,KGZ,2022,8.96750520041391,13.9229093174176
Kyrgyz Republic,KGZ,2023,9.0132928339342,10.7532770416742
Cambodia,KHM,2000,9.99358032292079,-0.791992529473567
Cambodia,KHM,2001,7.38971065070517,-0.600648300123686
Cambodia,KHM,2002,6.26507280509637,0.211466568022607
Cambodia,KHM,2003,10.2836813071691,0.94174611779921
Cambodia,KHM,2004,9.45769481103929,4.31933677434786
Cambodia,KHM,2005,13.3033338358455,6.61525912001587
Cambodia,KHM,2006,10.9433600681694,5.81068550464306
Cambodia,KHM,2007,10.398458101201,8.70882770568049
Cambodia,KHM,2008,7.47636606631011,24.096851930605
Cambodia,KHM,2009,4.07477850599065,-1.24171754189637
Cambodia,KHM,2010,5.07691843229247,3.99639528107218
Cambodia,KHM,2011,7.28665813879552,5.4784474961745
Cambodia,KHM,2012,7.65025657870362,2.93431609293951
Cambodia,KHM,2013,7.8574997554252,2.94162509547349
Cambodia,KHM,2014,8.00032074618566,3.85568861424207
Cambodia,KHM,2015,7.20703472529512,1.22393195511119
Cambodia,KHM,2016,7.90550116130704,3.01913975139128
Cambodia,KHM,2017,8.07503915535979,2.91263557371478
Cambodia,KHM,2018,8.77622376224463,2.45908515380146
Cambodia,KHM,2019,7.93695013588524,1.94257500833107
Cambodia,KHM,2020,-3.55572193406549,2.9402951426397
Cambodia,KHM,2021,3.08984284148661,2.92073477592949
Cambodia,KHM,2022,5.12990110773977,5.34370264895437
Cambodia,KHM,2023,5.00733043811898,2.12746796594194
Kiribati,KIR,2000,6.74266531257052,
Kiribati,KIR,2001,-3.14412917759699,
Kiribati,KIR,2002,1.44715494184476,
Kiribati,KIR,2003,-1.57546689217141,
Kiribati,KIR,2004,-0.608967597152244,
Kiribati,KIR,2005,1.29243029465849,
Kiribati,KIR,2006,5.77693449836185,
Kiribati,KIR,2007,3.05507981566669,3.59252131266417
Kiribati,KIR,2008,-2.98473121631831,13.6653995252441
Kiribati,KIR,2009,0.536801194648319,9.81643884508657
Kiribati,KIR,2010,1.2259519892488,-3.89955040651649
Kiribati,KIR,2011,3.26372719532225,1.4974097987597
Kiribati,KIR,2012,5.80365974645258,-3.04586292775571
Kiribati,KIR,2013,7.73092188699647,-1.488059084681
Kiribati,KIR,2014,1.26366268044595,2.10398520925043
Kiribati,KIR,2015,11.2653312371772,0.572015743634256
Kiribati,KIR,2016,7.08802960050427,1.91731090233378
Kiribati,KIR,2017,3.74913001948165,0.355520888546828
Kiribati,KIR,2018,3.47943880004293,0.564030491493476
Kiribati,KIR,2019,3.26425930432951,-1.81307995302947
Kiribati,KIR,2020,-1.46805538131593,2.5532455441463
Kiribati,KIR,2021,8.47973787138213,2.05361676773907
Kiribati,KIR,2022,4.56632593100372,5.34595440908904
Kiribati,KIR,2023,2.65201087489879,9.28307374517721
St. Kitts and Nevis,KNA,2000,10.042808415173,2.14885532743696
St. Kitts and Nevis,KNA,2001,5.25344983010886,2.30344748349255
St. Kitts and Nevis,KNA,2002,1.36771507253633,2.04109102620208
St. Kitts and Nevis,KNA,2003,-3.93339486032939,2.23543664374553
St. Kitts and Nevis,KNA,2004,3.99634666125431,2.31455462238093
St. Kitts and Nevis,KNA,2005,9.73282070298016,3.37781903988238
St. Kitts and Nevis,KNA,2006,3.15038119968223,8.48748575845879
St. Kitts and Nevis,KNA,2007,0.600602326543751,4.48088608614726
St. Kitts and Nevis,KNA,2008,11.3170358267109,5.30029675072584
St. Kitts and Nevis,KNA,2009,-3.40474015376245,2.05793709041836
St. Kitts and Nevis,KNA,2010,-0.0541942065330545,0.850878649795844
St. Kitts and Nevis,KNA,2011,1.61660730423688,5.8351651957086
St. Kitts and Nevis,KNA,2012,-0.737636737448398,0.816089281562459
St. Kitts and Nevis,KNA,2013,5.72728087234704,1.10698554000129
St. Kitts and Nevis,KNA,2014,7.57696602328922,0.247865392364942
St. Kitts and Nevis,KNA,2015,0.694135527876625,-2.30187563045616
St. Kitts and Nevis,KNA,2016,3.93270319273282,-0.687037123294039
St. Kitts and Nevis,KNA,2017,0.220941147299996,0.694916711613604
St. Kitts and Nevis,KNA,2018,2.00352549800972,-1.03712214131572
St. Kitts and Nevis,KNA,2019,2.93824658056356,-0.329562063663977
St. Kitts and Nevis,KNA,2020,-15.3018891740649,-1.16724501769353
St. Kitts and Nevis,KNA,2021,0.367606879216311,1.195688870384
St. Kitts and Nevis,KNA,2022,10.4804941546807,2.66817533111249
St. Kitts and Nevis,KNA,2023,3.02127526129283,3.55711230848243
"Korea, Rep.",KOR,2000,9.2018583880479,2.25916580080157
"Korea, Rep.",KOR,2001,4.72593560322356,4.06657587897792
"Korea, Rep.",KOR,2002,7.74399895319569,2.76226210296599
"Korea, Rep.",KOR,2003,3.07472661826947,3.51487451459939
"Korea, Rep.",KOR,2004,5.1836368597334,3.59066298882578
"Korea, Rep.",KOR,2005,4.35823667337156,2.75379162735039
"Korea, Rep.",KOR,2006,5.24500550580342,2.24234028518921
"Korea, Rep.",KOR,2007,5.8419633918717,2.53457382137932
"Korea, Rep.",KOR,2008,3.00440451679569,4.67389655533408
"Korea, Rep.",KOR,2009,0.81986175641795,2.7564965449393
"Korea, Rep.",KOR,2010,6.98166138853071,2.93928652655686
"Korea, Rep.",KOR,2011,3.6880320602952,4.0259650043609
"Korea, Rep.",KOR,2012,2.54766550568242,2.18707104433314
"Korea, Rep.",KOR,2013,3.2913959543442,1.30134754547413
"Korea, Rep.",KOR,2014,3.21468019683108,1.27477446401322
"Korea, Rep.",KOR,2015,2.92029267301234,0.70633177245575
"Korea, Rep.",KOR,2016,3.17152748983935,0.971685739912168
"Korea, Rep.",KOR,2017,3.433191763972,1.94433230786366
"Korea, Rep.",KOR,2018,3.17611568177327,1.47583935002645
"Korea, Rep.",KOR,2019,2.31380210595475,0.383000303608136
"Korea, Rep.",KOR,2020,-0.700242317542106,0.537288023411737
"Korea, Rep.",KOR,2021,4.61296795454287,2.49833333333339
"Korea, Rep.",KOR,2022,2.72756456708991,5.08951365062842
"Korea, Rep.",KOR,2023,1.58301467403629,3.5974562502901
Kuwait,KWT,2000,4.69458187079211,1.81294613887089
Kuwait,KWT,2001,0.213332576499354,1.29999999999999
Kuwait,KWT,2002,3.01428315192251,0.888450148074907
Kuwait,KWT,2003,17.3260204175143,0.961350293542112
Kuwait,KWT,2004,10.2402980586354,1.24856443679889
Kuwait,KWT,2005,10.6090449840228,4.14297583631023
Kuwait,KWT,2006,7.51477300024021,3.05701339166722
Kuwait,KWT,2007,5.99157551059315,5.48494983277596
Kuwait,KWT,2008,2.47975694278544,10.5827097865144
Kuwait,KWT,2009,-7.07605643073411,4.60959548447787
Kuwait,KWT,2010,-2.37054804425912,4.49640287769787
Kuwait,KWT,2011,9.62863419534361,4.8394034987095
Kuwait,KWT,2012,6.62587485078971,3.25514600287211
Kuwait,KWT,2013,1.14946552780648,2.68229684085039
Kuwait,KWT,2014,0.500914669444924,2.90892672858625
Kuwait,KWT,2015,0.592770817217982,3.27170166092133
Kuwait,KWT,2016,2.92607584256388,3.19839776658374
Kuwait,KWT,2017,-4.71222270495362,2.17183298510006
Kuwait,KWT,2018,2.74333045031415,0.543133148199567
Kuwait,KWT,2019,2.26381706595791,1.09184802655856
Kuwait,KWT,2020,-4.81731593381585,2.101729548274
Kuwait,KWT,2021,1.67213054307859,3.42362947609188
Kuwait,KWT,2022,6.75866711966617,3.98064961990313
Kuwait,KWT,2023,-1.6672059801285,3.64216403030709
Lao PDR,LAO,2000,5.79878232861959,25.0846414281315
Lao PDR,LAO,2001,5.75141287983195,7.81180794783471
Lao PDR,LAO,2002,5.91874368370564,10.6313446323333
Lao PDR,LAO,2003,6.06700230344272,15.4893529233525
Lao PDR,LAO,2004,6.35769548008234,10.4622667314208
Lao PDR,LAO,2005,7.10756836811267,7.16541759946639
Lao PDR,LAO,2006,8.61926620832807,6.54559439052787
Lao PDR,LAO,2007,7.59682880054878,4.66197269469701
Lao PDR,LAO,2008,7.82490276337012,7.62880887577516
Lao PDR,LAO,2009,7.50177491225853,0.141187674980385
Lao PDR,LAO,2010,8.52690551739717,5.98254521550082
Lao PDR,LAO,2011,8.03865268023725,7.5689885610998
Lao PDR,LAO,2012,8.02609843461283,4.2551267783209
Lao PDR,LAO,2013,8.02630022699017,6.37142717782947
Lao PDR,LAO,2014,7.61196343979319,4.12924306873771
Lao PDR,LAO,2015,7.27006584373785,1.27735427102992
Lao PDR,LAO,2016,7.02283625501138,1.59691227583204
Lao PDR,LAO,2017,6.8925308726989,0.825478607568026
Lao PDR,LAO,2018,6.24796000755872,2.04039266890201
Lao PDR,LAO,2019,5.4577350924848,3.32255881256925
Lao PDR,LAO,2020,0.503031829018681,5.10407262959919
Lao PDR,LAO,2021,2.52835100486102,3.75562036658877
Lao PDR,LAO,2022,2.70742652643155,22.9562225132056
Lao PDR,LAO,2023,3.74568140158232,31.2301341732646
Lebanon,LBN,2000,1.34187161970405,
Lebanon,LBN,2001,3.83966927702973,
Lebanon,LBN,2002,3.42314982843781,
Lebanon,LBN,2003,3.22709826879041,
Lebanon,LBN,2004,6.67944461641103,
Lebanon,LBN,2005,2.68577931016345,
Lebanon,LBN,2006,1.54951500083213,
Lebanon,LBN,2007,9.31062252641144,
Lebanon,LBN,2008,9.06912826789082,
Lebanon,LBN,2009,10.232155577776,1.19509671165543
Lebanon,LBN,2010,7.97513555844932,3.98347941855833
Lebanon,LBN,2011,0.86733987855277,4.97148571692384
Lebanon,LBN,2012,2.56479133680038,6.58147447683677
Lebanon,LBN,2013,3.8278734986016,4.82101956297399
Lebanon,LBN,2014,2.48406010500743,1.8546042134091
Lebanon,LBN,2015,0.462320792597581,-3.74914524799629
Lebanon,LBN,2016,1.55454940856943,-0.783359624361508
Lebanon,LBN,2017,0.903028464073813,4.32135218303191
Lebanon,LBN,2018,-1.88470575631651,6.07698907889607
Lebanon,LBN,2019,-6.91492472851026,3.00538949390383
Lebanon,LBN,2020,-21.3998996914321,84.8643330472041
Lebanon,LBN,2021,-7.00123862514116,154.756096023393
Lebanon,LBN,2022,-0.621678970663112,171.205491336641
Lebanon,LBN,2023,-0.760584470257314,221.341644023365
Liberia,LBR,2000,28.6159342546183,
Liberia,LBR,2001,2.92027476569781,
Liberia,LBR,2002,3.76301761700071,14.1596470116325
Liberia,LBR,2003,-30.145132727942,10.3302881236823
Liberia,LBR,2004,2.61984689477413,7.82908704883235
Liberia,LBR,2005,5.28121245309295,10.8343588481414
Liberia,LBR,2006,8.04390997190059,7.34144608278558
Liberia,LBR,2007,9.53527536282282,11.3918966807102
Liberia,LBR,2008,7.14569112811476,17.489448642993
Liberia,LBR,2009,5.30054050291531,7.42764305914919
Liberia,LBR,2010,6.09982524004147,7.28992796890218
Liberia,LBR,2011,8.20076822497064,8.488167518494
Liberia,LBR,2012,7.99381444555367,6.83178703418548
Liberia,LBR,2013,8.68728781639683,7.577306817414
Liberia,LBR,2014,0.701393100287518,9.86111285574904
Liberia,LBR,2015,-0.0185649695590939,7.74869687621322
Liberia,LBR,2016,-1.5549586174878,8.83424868336488
Liberia,LBR,2017,2.45515592012239,12.4196323907138
Liberia,LBR,2018,1.15757512207355,23.5635148953742
Liberia,LBR,2019,-2.46729763532686,26.9662760197878
Liberia,LBR,2020,-2.98249127649473,16.9557241496255
Liberia,LBR,2021,4.98671283481617,7.81559385858648
Liberia,LBR,2022,4.80810517290655,7.59298486560313
Liberia,LBR,2023,4.68375688761311,10.0944535665552
Libya,LBY,2000,3.6792704082,-2.90000000000024
Libya,LBY,2001,-1.76283887062603,-8.81393752145546
Libya,LBY,2002,-0.958897332849631,-9.79764705882357
Libya,LBY,2003,13.0160372478013,-2.19115191986644
Libya,LBY,2004,4.46163899648637,-2.197567740559
Libya,LBY,2005,11.8707565226151,2.65020576131657
Libya,LBY,2006,6.50052541959279,1.45926876202724
Libya,LBY,2007,6.22998278561838,6.25098782993553
Libya,LBY,2008,-0.162048238799883,10.3607288954998
Libya,LBY,2009,-4.4001817631021,2.45990025609948
Libya,LBY,2010,5.0272476723775,2.79989500109268
Libya,LBY,2011,-50.3385151384986,15.5184815317561
Libya,LBY,2012,86.8267484395784,6.05980392156864
Libya,LBY,2013,-17.9979615745681,2.60581802719517
Libya,LBY,2014,-23.0428058282215,2.43294141599225
Libya,LBY,2015,-0.842656252118843,10.4022933588151
Libya,LBY,2016,-1.4909411172622,25.8538742124461
Libya,LBY,2017,32.4918021862688,25.8036184788338
Libya,LBY,2018,7.9413678529104,13.1702038536721
Libya,LBY,2019,-11.1960828853386,-2.16217883470595
Libya,LBY,2020,-29.4552967282824,1.44703656998741
Libya,LBY,2021,28.2996823429147,2.86833027751019
Libya,LBY,2022,-8.29981811198795,4.51030149235703
Libya,LBY,2023,10.2000497852517,2.37317531435169
St. Lucia,LCA,2000,0.0487485535201131,3.7107860871361
St. Lucia,LCA,2001,-3.40806396189404,5.30722081028547
St. Lucia,LCA,2002,0.416450493043214,-0.255536626916508
St. Lucia,LCA,2003,4.26461148738223,1.03425372426221
St. Lucia,LCA,2004,7.2674088699471,1.46036814425245
St. Lucia,LCA,2005,-0.410304726290235,3.89827370759476
St. Lucia,LCA,2006,6.19525729141048,2.39562082529168
St. Lucia,LCA,2007,1.69161857433913,2.82310373736929
St. Lucia,LCA,2008,4.94932194028057,5.54954769383937
St. Lucia,LCA,2009,-2.82889954830628,-0.156936087168669
St. Lucia,LCA,2010,0.330018546071486,3.25034409180129
St. Lucia,LCA,2011,4.32694280532142,2.76940794144093
St. Lucia,LCA,2012,-0.108756148262358,4.17763587102515
St. Lucia,LCA,2013,-1.81877603735991,1.46856511035428
St. Lucia,LCA,2014,1.32809022110105,3.51695551369241
St. Lucia,LCA,2015,0.101917836412952,-0.983600952696996
St. Lucia,LCA,2016,3.42787214525211,-3.07821765676927
St. Lucia,LCA,2017,3.37982617272246,0.104262078958441
St. Lucia,LCA,2018,2.88677902171601,1.93561893150602
St. Lucia,LCA,2019,-0.700322396299441,0.539087559191757
St. Lucia,LCA,2020,-24.3614732129122,-1.75580833517594
St. Lucia,LCA,2021,11.598783583643,2.41070312174393
St. Lucia,LCA,2022,20.3884431828414,6.37814695133351
St. Lucia,LCA,2023,2.20988276526516,4.07060821926204
Liechtenstein,LIE,2000,3.22019308239609,
Liechtenstein,LIE,2001,-0.733092455297992,
Liechtenstein,LIE,2002,-0.993919947159299,
Liechtenstein,LIE,2003,-1.93756534125014,
Liechtenstein,LIE,2004,3.03917210306501,
Liechtenstein,LIE,2005,4.82807677743524,
Liechtenstein,LIE,2006,8.64496857267281,
Liechtenstein,LIE,2007,3.325963509369,
Liechtenstein,LIE,2008,1.79808847836411,
Liechtenstein,LIE,2009,-1.15748291975636,
Liechtenstein,LIE,2010,,
Liechtenstein,LIE,2011,,
Liechtenstein,LIE,2012,,
Liechtenstein,LIE,2013,,
Liechtenstein,LIE,2014,,
Liechtenstein,LIE,2015,,
Liechtenstein,LIE,2016,,
Liechtenstein,LIE,2017,,
Liechtenstein,LIE,2018,,
Liechtenstein,LIE,2019,,
Liechtenstein,LIE,2020,,
Liechtenstein,LIE,2021,,
Liechtenstein,LIE,2022,,
Liechtenstein,LIE,2023,,
Sri Lanka,LKA,2000,6.00003315828934,6.17627591012045
Sri Lanka,LKA,2001,-1.54540813366026,14.15845579912
Sri Lanka,LKA,2002,3.96467568513113,9.55103167007251
Sri Lanka,LKA,2003,5.9402690780223,6.31463787051174
Sri Lanka,LKA,2004,5.44506127885352,7.57592582995856
Sri Lanka,LKA,2005,6.24174804376447,11.6396860971118
Sri Lanka,LKA,2006,7.66829190107919,10.0201836057035
Sri Lanka,LKA,2007,6.79682611892866,15.8421114924843
Sri Lanka,LKA,2008,5.95008814473897,22.5644955300126
Sri Lanka,LKA,2009,3.53891205317842,3.46496322106074
Sri Lanka,LKA,2010,8.01596737055139,6.2176488930462
Sri Lanka,LKA,2011,8.6694830119314,6.7167684358854
Sri Lanka,LKA,2012,8.63218137662685,7.54291373239437
Sri Lanka,LKA,2013,4.05174633027869,6.90845034828452
Sri Lanka,LKA,2014,6.3779788972687,3.1790022823606
Sri Lanka,LKA,2015,4.20595547449241,3.76836783062096
Sri Lanka,LKA,2016,5.05362488994436,3.9588884659307
Sri Lanka,LKA,2017,6.46068127065753,7.70413767850602
Sri Lanka,LKA,2018,2.31008425545845,2.135037737132
Sri Lanka,LKA,2019,-0.220483886831275,3.52839358231811
Sri Lanka,LKA,2020,-4.62451503749502,6.15394508391738
Sri Lanka,LKA,2021,4.2074764951157,7.01478071238195
Sri Lanka,LKA,2022,-7.34919301306745,49.7211021114327
Sri Lanka,LKA,2023,-2.3298481898334,16.5411742279832
Lesotho,LSO,2000,3.87554677576694,6.13197538722696
Lesotho,LSO,2001,3.56158183392093,-9.61615353858472
Lesotho,LSO,2002,0.723836067167127,33.812578338126
Lesotho,LSO,2003,4.55977716384528,6.62916357146762
Lesotho,LSO,2004,1.69237417358596,5.02342068616285
Lesotho,LSO,2005,3.46612222755311,3.43788423057443
Lesotho,LSO,2006,4.23009522805209,6.07271879734293
Lesotho,LSO,2007,4.18791409957151,8.01243669043409
Lesotho,LSO,2008,5.52341966978646,10.7156661309681
Lesotho,LSO,2009,-1.25375779920832,-16.8596910540644
Lesotho,LSO,2010,5.26967078056286,-2.40524254598706
Lesotho,LSO,2011,4.61641394528752,5.0366305210156
Lesotho,LSO,2012,6.33408374679448,6.05143662139967
Lesotho,LSO,2013,1.79252555575545,4.86511899496385
Lesotho,LSO,2014,1.71054990545476,5.37028961008587
Lesotho,LSO,2015,3.12406678044546,3.21844513655931
Lesotho,LSO,2016,3.60890731687714,6.59650490696543
Lesotho,LSO,2017,-3.13817493733471,4.447699373763
Lesotho,LSO,2018,-1.48063315848241,4.7518030162474
Lesotho,LSO,2019,-1.41799383085205,5.18708359197982
Lesotho,LSO,2020,-8.15595785459911,4.97809676252309
Lesotho,LSO,2021,2.26670961833291,6.04774591950676
Lesotho,LSO,2022,2.38778020186284,8.27180389943028
Lesotho,LSO,2023,1.82662476743647,6.34221743124953
Lithuania,LTU,2000,3.41862206571636,0.981615478857598
Lithuania,LTU,2001,6.48412665187908,1.36712030817819
Lithuania,LTU,2002,6.71983945103626,0.281506610345575
Lithuania,LTU,2003,10.5518959629574,-1.13430854990247
Lithuania,LTU,2004,6.50203536075556,1.16410252104671
Lithuania,LTU,2005,7.7314467577492,2.65848484065262
Lithuania,LTU,2006,7.39548122468629,3.73912004060664
Lithuania,LTU,2007,11.0779282578673,5.73717382799842
Lithuania,LTU,2008,2.59946154605602,10.9258856241655
Lithuania,LTU,2009,-14.8386117894848,4.45304456518535
Lithuania,LTU,2010,0.427199566550769,1.31921362055463
Lithuania,LTU,2011,6.32363664821298,4.13027562645085
Lithuania,LTU,2012,4.38290584355157,3.08998277055417
Lithuania,LTU,2013,4.04691318575325,1.04747937065344
Lithuania,LTU,2014,3.7725437958099,0.103758009433708
Lithuania,LTU,2015,2.83280643343234,-0.884097405500596
Lithuania,LTU,2016,2.67192215053329,0.905525075460342
Lithuania,LTU,2017,4.61224310312809,3.72288862303707
Lithuania,LTU,2018,4.91836780106811,2.69792779208394
Lithuania,LTU,2019,4.67735183530451,2.33450937988027
Lithuania,LTU,2020,0.0428158336981426,1.19989444983569
Lithuania,LTU,2021,6.38001606179873,4.68354420903453
Lithuania,LTU,2022,2.53752574011534,19.7050461518394
Lithuania,LTU,2023,0.342262716277261,9.11731962390475
Luxembourg,LUX,2000,6.93812976136098,3.15076707022592
Luxembourg,LUX,2001,3.07435550952719,2.66382110579103
Luxembourg,LUX,2002,3.22541782301025,2.07408613571643
Luxembourg,LUX,2003,2.61937861354482,2.04984030563518
Luxembourg,LUX,2004,4.23188928835465,2.22567916428889
Luxembourg,LUX,2005,2.48287498468387,2.48769665164088
Luxembourg,LUX,2006,6.0167154014547,2.66631494577069
Luxembourg,LUX,2007,8.09866723048083,2.31245861786127
Luxembourg,LUX,2008,-0.300175624936841,3.40187963025571
Luxembourg,LUX,2009,-3.23895409147492,0.368041997888887
Luxembourg,LUX,2010,3.76041454320028,2.2736791162154
Luxembourg,LUX,2011,1.04429855323325,3.41068341068342
Luxembourg,LUX,2012,1.64990212764553,2.66284165508021
Luxembourg,LUX,2013,3.17178989968683,1.73403963519162
Luxembourg,LUX,2014,2.62308679154881,0.628543985440717
Luxembourg,LUX,2015,2.26978423302835,0.474743161437779
Luxembourg,LUX,2016,4.97819011520116,0.290833333333317
Luxembourg,LUX,2017,1.31718713754285,1.73079959118887
Luxembourg,LUX,2018,1.61129561338169,1.5281952430738
Luxembourg,LUX,2019,2.74931929072659,1.74332075653848
Luxembourg,LUX,2020,-0.510051634039826,0.819957302127036
Luxembourg,LUX,2021,6.9297342584233,2.52692009066166
Luxembourg,LUX,2022,-1.0974168968152,6.33600807777919
Luxembourg,LUX,2023,0.0994399943552651,3.74140361983136
Latvia,LVA,2000,5.84102642353959,2.65425477796048
Latvia,LVA,2001,6.46057826727287,2.48704003555464
Latvia,LVA,2002,7.66548778586991,1.93887573855886
Latvia,LVA,2003,8.42913257059108,2.94264752948478
Latvia,LVA,2004,8.72514341727928,6.19238547197429
Latvia,LVA,2005,11.6153178557457,6.74845027893124
Latvia,LVA,2006,12.825017846905,6.53619908765872
Latvia,LVA,2007,10.4145372792714,10.0929775849169
Latvia,LVA,2008,-3.38871665849958,15.4023191064986
Latvia,LVA,2009,-16.0400195313042,3.53410672858934
Latvia,LVA,2010,-3.66125859554762,-1.08463595015155
Latvia,LVA,2011,3.03634482668815,4.37073559939223
Latvia,LVA,2012,7.30524057200897,2.25778924374585
Latvia,LVA,2013,2.09609028156248,-0.029454778257828
Latvia,LVA,2014,2.0949597710559,0.620490636732421
Latvia,LVA,2015,3.78336712084972,0.174242243625186
Latvia,LVA,2016,2.55168601974034,0.140633334505327
Latvia,LVA,2017,3.39894872623931,2.93036312374665
Latvia,LVA,2018,4.30971286294503,2.53445424186598
Latvia,LVA,2019,0.675372771884227,2.81140920075624
Latvia,LVA,2020,-3.46922750780554,0.219064904841985
Latvia,LVA,2021,6.94254173062592,3.27582937431165
Latvia,LVA,2022,1.90853419029801,17.3102830198815
Latvia,LVA,2023,-0.941606068823631,8.9380462331663
"Macao SAR, China",MAC,2000,5.74714593475937,-1.60971883961897
"Macao SAR, China",MAC,2001,2.88824010651439,-1.98465008641646
"Macao SAR, China",MAC,2002,8.90480904902596,-2.63751699816198
"Macao SAR, China",MAC,2003,11.6433551416587,-1.56245203671305
"Macao SAR, China",MAC,2004,26.6368742306114,0.980728452039451
"Macao SAR, China",MAC,2005,8.07794929953978,4.39589284335674
"Macao SAR, China",MAC,2006,13.3921711919351,5.14997337750692
"Macao SAR, China",MAC,2007,14.4817728129028,5.57149689143952
"Macao SAR, China",MAC,2008,3.39251560752048,8.61101858637
"Macao SAR, China",MAC,2009,1.29837946885112,1.16906695453767
"Macao SAR, China",MAC,2010,25.1031075246958,2.80947242060843
"Macao SAR, China",MAC,2011,21.6223064381087,5.80624616691043
"Macao SAR, China",MAC,2012,9.21747479596735,6.10738928336549
"Macao SAR, China",MAC,2013,10.7816711590297,5.50057779178484
"Macao SAR, China",MAC,2014,-2.03874227961819,6.04823452094076
"Macao SAR, China",MAC,2015,-21.7540078753246,4.56056338028173
"Macao SAR, China",MAC,2016,-0.701510212552961,2.36895749705898
"Macao SAR, China",MAC,2017,9.91855844513513,1.22812404052809
"Macao SAR, China",MAC,2018,6.35917030567686,3.00446293166953
"Macao SAR, China",MAC,2019,-2.4609094006739,2.75193081051975
"Macao SAR, China",MAC,2020,-54.4020925789353,0.811410511491512
"Macao SAR, China",MAC,2021,22.4622020023362,0.0264543647055504
"Macao SAR, China",MAC,2022,-18.956941494497,1.04502802369954
"Macao SAR, China",MAC,2023,75.3084184293413,0.476384495788075
St. Martin (French part),MAF,2000,,
St. Martin (French part),MAF,2001,,
St. Martin (French part),MAF,2002,,
St. Martin (French part),MAF,2003,,
St. Martin (French part),MAF,2004,,
St. Martin (French part),MAF,2005,,
St. Martin (French part),MAF,2006,,
St. Martin (French part),MAF,2007,,
St. Martin (French part),MAF,2008,,
St. Martin (French part),MAF,2009,,
St. Martin (French part),MAF,2010,,
St. Martin (French part),MAF,2011,,
St. Martin (French part),MAF,2012,,
St. Martin (French part),MAF,2013,,
St. Martin (French part),MAF,2014,,
St. Martin (French part),MAF,2015,1.0,
St. Martin (French part),MAF,2016,5.0,
St. Martin (French part),MAF,2017,-8.00000324038295,
St. Martin (French part),MAF,2018,-7.99999506898229,
St. Martin (French part),MAF,2019,6.50000363700821,
St. Martin (French part),MAF,2020,-12.500002246731,
St. Martin (French part),MAF,2021,4.89999967133534,
St. Martin (French part),MAF,2022,,
St. Martin (French part),MAF,2023,,
Morocco,MAR,2000,2.58218091499747,1.89463456763464
Morocco,MAR,2001,7.72182519577728,0.619801875297975
Morocco,MAR,2002,3.73019737485745,2.79561966936936
Morocco,MAR,2003,6.17110214953244,1.16773367477592
Morocco,MAR,2004,4.57138016516208,1.49344403381774
Morocco,MAR,2005,3.19224973015831,0.982641660015951
Morocco,MAR,2006,7.7908200104027,3.28476166954811
Morocco,MAR,2007,3.44106776690418,2.04208512673344
Morocco,MAR,2008,5.68453936284732,3.71484311494064
Morocco,MAR,2009,3.74576940136258,0.971862998667636
Morocco,MAR,2010,3.49955709403216,0.993557401226392
Morocco,MAR,2011,5.52464523319847,0.9069249096918
Morocco,MAR,2012,3.06234368502997,1.28712240079219
Morocco,MAR,2013,4.12221286860944,1.88065466724086
Morocco,MAR,2014,2.7192440802029,0.442310053557048
Morocco,MAR,2015,4.34458297635238,1.5579071134626
Morocco,MAR,2016,0.52118550608968,1.63531114327064
Morocco,MAR,2017,5.05789816173446,0.754663249323619
Morocco,MAR,2018,3.06564133025955,1.80391671141896
Morocco,MAR,2019,2.89097476137077,0.303386036590383
Morocco,MAR,2020,-7.17820744246774,0.705968661338261
Morocco,MAR,2021,8.15473889823681,1.40195883962006
Morocco,MAR,2022,1.81269242194809,6.65704202759067
Morocco,MAR,2023,3.65564411017931,6.09114152504141
Monaco,MCO,2000,3.91022992758094,
Monaco,MCO,2001,2.18773369040099,
Monaco,MCO,2002,1.02649757327522,
Monaco,MCO,2003,1.08753654746801,
Monaco,MCO,2004,2.47048260499609,
Monaco,MCO,2005,1.89541410859198,
Monaco,MCO,2006,5.81764849670007,
Monaco,MCO,2007,14.4375144375144,
Monaco,MCO,2008,0.746871215179652,
Monaco,MCO,2009,-11.3369865758365,
Monaco,MCO,2010,2.06521962654098,
Monaco,MCO,2011,7.02235694617619,
Monaco,MCO,2012,1.01221841230461,
Monaco,MCO,2013,9.57709832354816,
Monaco,MCO,2014,7.18702777537968,
Monaco,MCO,2015,4.91037176536236,
Monaco,MCO,2016,3.00844358752744,
Monaco,MCO,2017,-3.20618323813213,
Monaco,MCO,2018,5.69790121192926,
Monaco,MCO,2019,7.12088951975396,
Monaco,MCO,2020,-13.2391048292108,
Monaco,MCO,2021,22.2322155851208,
Monaco,MCO,2022,11.2662955198601,
Monaco,MCO,2023,5.44395088840088,
Moldova,MDA,2000,2.10771608200733,31.2993015817784
Moldova,MDA,2001,6.10000039929173,9.7646628575763
Moldova,MDA,2002,7.79999965773833,5.30124390261587
Moldova,MDA,2003,6.59999995777716,11.7460792058234
Moldova,MDA,2004,7.39999973358189,12.5242768428228
Moldova,MDA,2005,7.5000001493726,11.9591837222127
Moldova,MDA,2006,4.79999983670831,12.7777557830351
Moldova,MDA,2007,3.00000022585525,12.3671668414302
Moldova,MDA,2008,7.80000014541523,12.783047261882
Moldova,MDA,2009,-6.00000026352828,-0.0627185967108899
Moldova,MDA,2010,7.10000010705836,7.48385086350851
Moldova,MDA,2011,5.81816614684824,7.6872510335619
Moldova,MDA,2012,-0.589733954762579,4.54633427355302
Moldova,MDA,2013,9.0438656074181,4.59787897363127
Moldova,MDA,2014,4.99962585407656,5.08878554625869
Moldova,MDA,2015,-0.338235622387202,9.67624033101859
Moldova,MDA,2016,4.64601436259409,6.35930898037931
Moldova,MDA,2017,4.17561205106279,6.57022997455611
Moldova,MDA,2018,4.07559546585034,3.04505397337071
Moldova,MDA,2019,3.5523140853476,4.83778351428728
Moldova,MDA,2020,-8.27597831976949,3.76597122245351
Moldova,MDA,2021,13.9299997889786,5.10641129002835
Moldova,MDA,2022,-4.6000000255323,28.7372976766235
Moldova,MDA,2023,1.2000000493378,13.4170104381299
Madagascar,MDG,2000,4.45685893956946,11.859684500028
Madagascar,MDG,2001,5.98023576982733,7.91694484529586
Madagascar,MDG,2002,-12.4079711055149,16.4985255315846
Madagascar,MDG,2003,9.78489212474175,-1.70400479616298
Madagascar,MDG,2004,5.25700362208742,13.9558018033211
Madagascar,MDG,2005,4.75584509499119,18.3638246468932
Madagascar,MDG,2006,5.3985084485368,10.7656371554865
Madagascar,MDG,2007,5.71056419885052,10.2879663187671
Madagascar,MDG,2008,6.71263253913001,9.29650839381057
Madagascar,MDG,2009,-3.9787086116544,8.95421802392949
Madagascar,MDG,2010,0.619239744622121,9.24732173644116
Madagascar,MDG,2011,1.57842705366555,9.48254048582992
Madagascar,MDG,2012,3.01114811621208,5.71384434191053
Madagascar,MDG,2013,2.30037622800727,5.8264294445198
Madagascar,MDG,2014,3.33920311195367,6.08040811088302
Madagascar,MDG,2015,3.13229807490305,7.40419174202129
Madagascar,MDG,2016,3.99314606199499,6.03575858154679
Madagascar,MDG,2017,3.93330759462793,8.60905075422949
Madagascar,MDG,2018,3.19435651744398,8.59422958870476
Madagascar,MDG,2019,4.41123212909589,5.61051441492365
Madagascar,MDG,2020,-7.13767162064489,4.20179312190557
Madagascar,MDG,2021,4.65068343174309,5.81225118787715
Madagascar,MDG,2022,4.15609778386296,8.16059031991844
Madagascar,MDG,2023,4.20304615840668,9.87432675044888
Maldives,MDV,2000,3.84581040832157,-1.17475681175946
Maldives,MDV,2001,-3.94363452271253,0.67257737006247
Maldives,MDV,2002,7.26838656139654,4.1786723990479
Maldives,MDV,2003,13.7500496410836,-1.26065113450354
Maldives,MDV,2004,5.92489251113133,-1.68541212459466
Maldives,MDV,2005,-11.1773097061784,1.30027500930997
Maldives,MDV,2006,23.6302719852686,2.73842131602099
Maldives,MDV,2007,7.13338024717898,6.79477353930168
Maldives,MDV,2008,8.97645459033633,12.0414583505108
Maldives,MDV,2009,-8.34069861571051,4.53017659132801
Maldives,MDV,2010,6.7854678229144,6.14988536750173
Maldives,MDV,2011,8.84342600490342,11.2734146055937
Maldives,MDV,2012,2.38928797963442,10.884695658563
Maldives,MDV,2013,6.97496226412528,3.8056300091943
Maldives,MDV,2014,7.86068643108074,2.12000175718134
Maldives,MDV,2015,3.86813536494475,0.953206658777607
Maldives,MDV,2016,6.37528306716864,0.502509413611612
Maldives,MDV,2017,7.07442863215275,2.81747338234509
Maldives,MDV,2018,8.5689555834747,-0.133373386117595
Maldives,MDV,2019,6.92305989050099,0.220029731065383
Maldives,MDV,2020,-32.9088287752921,-1.36977425569811
Maldives,MDV,2021,37.507870124321,0.543149688737013
Maldives,MDV,2022,13.8260895184139,2.33314337624567
Maldives,MDV,2023,4.94286301229583,2.92746542425035
Mexico,MEX,2000,5.02928399378261,9.49156149435403
Mexico,MEX,2001,-0.450845253215945,6.36773806235037
Mexico,MEX,2002,-0.236588001922641,5.03072733151295
Mexico,MEX,2003,1.18554486709559,4.54690012118718
Mexico,MEX,2004,3.56544100946846,4.68840884843143
Mexico,MEX,2005,2.11324712586392,3.98805714597437
Mexico,MEX,2006,4.80501352746852,3.62946762439132
Mexico,MEX,2007,2.07786393438754,3.96684905458235
Mexico,MEX,2008,0.943331863036903,5.12498274575896
Mexico,MEX,2009,-6.29525055780502,5.29735584228856
Mexico,MEX,2010,4.9713345832195,4.15672722680174
Mexico,MEX,2011,3.44404505794418,3.40737824605742
Mexico,MEX,2012,3.55321075993527,4.11150981070289
Mexico,MEX,2013,0.852101559410627,3.80639069747204
Mexico,MEX,2014,2.50376350288664,4.01861608078679
Mexico,MEX,2015,2.70232342550646,2.72064064964023
Mexico,MEX,2016,1.77249323845399,2.8217078474766
Mexico,MEX,2017,1.87172853327193,6.04145724018986
Mexico,MEX,2018,1.97208209405635,4.89935015356551
Mexico,MEX,2019,-0.392690505066824,3.63596142127046
Mexico,MEX,2020,-8.35403458167995,3.39683415570006
Mexico,MEX,2021,6.0484834621255,5.68920847683753
Mexico,MEX,2022,3.70975709163623,7.8962761916855
Mexico,MEX,2023,3.35354140652768,5.52796087314389
Marshall Islands,MHL,2000,2.45443006851272,
Marshall Islands,MHL,2001,6.93004446202892,
Marshall Islands,MHL,2002,3.63579015049041,
Marshall Islands,MHL,2003,-1.56167510462087,
Marshall Islands,MHL,2004,-0.408355471416314,
Marshall Islands,MHL,2005,1.79104477611941,
Marshall Islands,MHL,2006,0.175953079178882,
Marshall Islands,MHL,2007,3.68852459016394,
Marshall Islands,MHL,2008,-7.56634669678148,
Marshall Islands,MHL,2009,3.66524129505193,
Marshall Islands,MHL,2010,5.53918680023571,
Marshall Islands,MHL,2011,-0.502512562814076,
Marshall Islands,MHL,2012,-1.29068462401796,
Marshall Islands,MHL,2013,3.80898237635019,
Marshall Islands,MHL,2014,-1.25958378970427,
Marshall Islands,MHL,2015,1.88574597892401,
Marshall Islands,MHL,2016,2.5040827436037,
Marshall Islands,MHL,2017,3.55815188528943,
Marshall Islands,MHL,2018,5.48717948717949,
Marshall Islands,MHL,2019,10.4521147301896,
Marshall Islands,MHL,2020,-2.77288732394366,
Marshall Islands,MHL,2021,2.15938183019058,
Marshall Islands,MHL,2022,-0.700563926576777,
Marshall Islands,MHL,2023,-5.00791779654826,
North Macedonia,MKD,2000,4.54913578288874,6.60742291038536
North Macedonia,MKD,2001,-3.06725662451662,5.19888525744048
North Macedonia,MKD,2002,1.49366547202928,2.31459794083216
North Macedonia,MKD,2003,2.22260165732409,0.855562122724219
North Macedonia,MKD,2004,4.67408957960916,-0.448650206551934
North Macedonia,MKD,2005,4.72408864201974,0.525515950714247
North Macedonia,MKD,2006,5.13702516153505,3.21362929606345
North Macedonia,MKD,2007,6.47348685752347,2.2517579830545
North Macedonia,MKD,2008,5.47200139015595,8.33189666968108
North Macedonia,MKD,2009,-0.358614856979671,-0.739633963061192
North Macedonia,MKD,2010,3.35875085773812,1.50997522027613
North Macedonia,MKD,2011,2.33988604520331,3.9047542206974
North Macedonia,MKD,2012,-0.456183223607937,3.31605566687647
North Macedonia,MKD,2013,2.92525766450484,2.78500056726109
North Macedonia,MKD,2014,3.62912351276373,-0.281705032928494
North Macedonia,MKD,2015,3.85586514041738,-0.299920475631462
North Macedonia,MKD,2016,2.84820519363306,-0.239290787684501
North Macedonia,MKD,2017,1.08177273813243,1.35161889677442
North Macedonia,MKD,2018,2.88059670964267,1.45831298507126
North Macedonia,MKD,2019,3.91041953840173,0.766439573459805
North Macedonia,MKD,2020,-4.68845000956652,1.20007348888469
North Macedonia,MKD,2021,4.51067949038222,3.23074912132928
North Macedonia,MKD,2022,2.75888415332967,14.2047173195833
North Macedonia,MKD,2023,2.554965253403,9.36187249769015
Mali,MLI,2000,-0.736019991927179,-0.677661659046769
Mali,MLI,2001,15.8060317406145,5.18701191944068
Mali,MLI,2002,3.03627540842406,5.03282275711194
Mali,MLI,2003,9.79712256129343,-1.34672619047621
Mali,MLI,2004,1.47732490222614,-3.09978128063957
Mali,MLI,2005,2.53837834867178,6.39788293897883
Mali,MLI,2006,3.6896026526873,1.54352596927582
Mali,MLI,2007,1.76004607889122,1.41200201714577
Mali,MLI,2008,3.63871070955426,9.17098813667678
Mali,MLI,2009,5.45473562577585,2.46375188572299
Mali,MLI,2010,5.57678859838062,1.10892690670186
Mali,MLI,2011,2.93537897086446,2.95564395229392
Mali,MLI,2012,-1.07239924132972,5.32312847064058
Mali,MLI,2013,3.29068742019345,-0.606736356351563
Mali,MLI,2014,6.50263878409685,0.883814547137841
Mali,MLI,2015,6.23887890197454,1.45069057605961
Mali,MLI,2016,6.00506308559498,-1.79964707083386
Mali,MLI,2017,5.37554769639952,1.75985742927165
Mali,MLI,2018,4.86784999991505,0.299546507387843
Mali,MLI,2019,4.99999911608818,-1.65826694846365
Mali,MLI,2020,-1.16910834828603,0.438088940320669
Mali,MLI,2021,3.10094124444834,3.92560283104277
Mali,MLI,2022,3.70319027595568,9.62147608489064
Mali,MLI,2023,4.72541109080376,2.05880228274223
Malta,MLT,2000,19.6812692571542,2.36959287531806
Malta,MLT,2001,-0.757203079411141,2.92949244324104
Malta,MLT,2002,2.74113514481881,2.18849048060549
Malta,MLT,2003,3.69331046215919,1.30383777442602
Malta,MLT,2004,0.407354470561188,2.79082848067754
Malta,MLT,2005,2.88123523900146,3.00796652450313
Malta,MLT,2006,2.33618945029086,2.77378006481472
Malta,MLT,2007,5.03640168136971,1.24921923797629
Malta,MLT,2008,4.41059660584338,4.25862171897073
Malta,MLT,2009,-1.39524973471087,2.08432746082343
Malta,MLT,2010,6.19735041110465,1.51563513618532
Malta,MLT,2011,0.99220191192282,2.9629852819288
Malta,MLT,2012,4.10167392241412,2.37582057760386
Malta,MLT,2013,6.29233375866998,1.1802843636655
Malta,MLT,2014,7.63136360845897,0.310306472181665
Malta,MLT,2015,9.62070315764963,1.10054826378929
Malta,MLT,2016,4.07800355932196,0.642702771527304
Malta,MLT,2017,12.9713424962459,1.36435448150708
Malta,MLT,2018,7.18921479603796,1.15782362451517
Malta,MLT,2019,4.08505582134097,1.6420600176894
Malta,MLT,2020,-3.45728276294712,0.638544956776712
Malta,MLT,2021,13.4117042939322,1.49789217934724
Malta,MLT,2022,2.48309993837792,6.15375621933037
Malta,MLT,2023,10.6215185022616,5.09396758978883
Myanmar,MMR,2000,13.7459305561226,-0.109165514668565
Myanmar,MMR,2001,11.3439970699605,21.101305376923
Myanmar,MMR,2002,12.0255134340315,57.0745112621703
Myanmar,MMR,2003,13.8439968903798,36.5897175323924
Myanmar,MMR,2004,13.5646616163416,4.53421374129692
Myanmar,MMR,2005,13.5689500216456,9.36861814196704
Myanmar,MMR,2006,13.0761013792372,19.9964873359214
Myanmar,MMR,2007,11.9914352402146,35.0245970717698
Myanmar,MMR,2008,10.2553053929808,26.7995371934022
Myanmar,MMR,2009,10.5500090961932,1.47234311385647
Myanmar,MMR,2010,9.6344394520444,7.71838195873614
Myanmar,MMR,2011,5.59148237823661,5.0214601462073
Myanmar,MMR,2012,7.33267044704149,1.46758322674679
Myanmar,MMR,2013,8.42600102501767,5.64303883425501
Myanmar,MMR,2014,8.16990745558277,4.953299184844
Myanmar,MMR,2015,6.99284029026121,9.45417189526018
Myanmar,MMR,2016,5.86247291518572,6.92882525816076
Myanmar,MMR,2017,6.13610824360305,4.5725365531752
Myanmar,MMR,2018,6.26886221471075,6.87232865662935
Myanmar,MMR,2019,6.57911006765414,8.82506696804558
Myanmar,MMR,2020,-9.04834717984643,
Myanmar,MMR,2021,-12.0163724829177,
Myanmar,MMR,2022,4.0374934360085,
Myanmar,MMR,2023,0.958446625126115,
Montenegro,MNE,2000,3.10000005928038,
Montenegro,MNE,2001,1.09983870937087,
Montenegro,MNE,2002,1.90393673332888,
Montenegro,MNE,2003,2.48265922878505,
Montenegro,MNE,2004,4.42605071745108,
Montenegro,MNE,2005,4.18060450885471,
Montenegro,MNE,2006,8.56641802964204,2.92451258123648
Montenegro,MNE,2007,7.13755016459636,4.34712215656112
Montenegro,MNE,2008,6.89860030860218,8.75872769588798
Montenegro,MNE,2009,-5.99444862538753,3.46672373207793
Montenegro,MNE,2010,2.77559782547836,0.654946570148479
Montenegro,MNE,2011,3.40978812497193,3.4501431124869
Montenegro,MNE,2012,-2.48732882965353,4.14524724981119
Montenegro,MNE,2013,3.38612548540247,2.20589268141178
Montenegro,MNE,2014,2.37030892464516,-0.710514051710227
Montenegro,MNE,2015,2.52306333975571,1.54869158222486
Montenegro,MNE,2016,3.4393056210999,-0.271385023385176
Montenegro,MNE,2017,3.21668504736274,2.3802359905313
Montenegro,MNE,2018,4.73292113433965,2.611223782638
Montenegro,MNE,2019,4.39391565821528,0.361563704540767
Montenegro,MNE,2020,-14.9926187023533,-0.255655699848551
Montenegro,MNE,2021,13.0462607426359,2.41080198403165
Montenegro,MNE,2022,7.73954689516201,13.0403036347004
Montenegro,MNE,2023,6.47836283518564,8.58476910455403
Mongolia,MNG,2000,1.14606213709108,11.5955387593327
Mongolia,MNG,2001,2.95271054338117,6.27736020484006
Mongolia,MNG,2002,4.73297846590111,0.91707468718427
Mongolia,MNG,2003,7.00463457384886,5.12899499422419
Mongolia,MNG,2004,10.6254059599309,8.24115449417619
Mongolia,MNG,2005,7.25366543796015,12.7165674066053
Mongolia,MNG,2006,8.55623481664365,5.09516661663157
Mongolia,MNG,2007,10.2480163590057,9.63096309630964
Mongolia,MNG,2008,8.90036794067551,27.9556650246306
Mongolia,MNG,2009,-1.26859893608282,7.6195059351941
Mongolia,MNG,2010,6.3651616786311,10.0462065881651
Mongolia,MNG,2011,17.2907775869555,8.41121495327101
Mongolia,MNG,2012,12.3198198494032,14.3303348325838
Mongolia,MNG,2013,11.6489161878925,10.4906567588241
Mongolia,MNG,2014,7.88522548204762,12.2539808129759
Mongolia,MNG,2015,2.37983580731722,5.73568281938327
Mongolia,MNG,2016,1.48978448679577,0.733272227314397
Mongolia,MNG,2017,5.63687638694772,4.30143105302342
Mongolia,MNG,2018,7.74488062024881,6.82424790145522
Mongolia,MNG,2019,5.60224422064255,7.30106953550729
Mongolia,MNG,2020,-4.55775197583431,3.7237230614026
Mongolia,MNG,2021,1.63676957736662,7.35894657888155
Mongolia,MNG,2022,5.0327096366527,15.1509728200805
Mongolia,MNG,2023,7.4221127615025,10.347583131434
Northern Mariana Islands,MNP,2000,,
Northern Mariana Islands,MNP,2001,,
Northern Mariana Islands,MNP,2002,,
Northern Mariana Islands,MNP,2003,0.343170899107761,
Northern Mariana Islands,MNP,2004,-3.07797537619699,
Northern Mariana Islands,MNP,2005,-12.7028934368384,
Northern Mariana Islands,MNP,2006,-6.87146321746161,
Northern Mariana Islands,MNP,2007,-6.68402777777779,
Northern Mariana Islands,MNP,2008,-11.0697674418605,
Northern Mariana Islands,MNP,2009,-17.5732217573222,
Northern Mariana Islands,MNP,2010,1.3959390862944,
Northern Mariana Islands,MNP,2011,-7.38423028785982,
Northern Mariana Islands,MNP,2012,0.810810810810807,
Northern Mariana Islands,MNP,2013,2.68096514745308,
Northern Mariana Islands,MNP,2014,4.177545691906,
Northern Mariana Islands,MNP,2015,3.38345864661653,
Northern Mariana Islands,MNP,2016,29.2121212121212,
Northern Mariana Islands,MNP,2017,23.1707317073171,
Northern Mariana Islands,MNP,2018,-19.4973343488195,
Northern Mariana Islands,MNP,2019,-11.4474929044465,
Northern Mariana Islands,MNP,2020,-29.0598290598291,
Northern Mariana Islands,MNP,2021,4.96987951807229,
Northern Mariana Islands,MNP,2022,16.6427546628408,
Northern Mariana Islands,MNP,2023,,
Mozambique,MOZ,2000,0.766234955773442,
Mozambique,MOZ,2001,12.8516820207736,
Mozambique,MOZ,2002,9.66850534669427,
Mozambique,MOZ,2003,7.21770086569656,
Mozambique,MOZ,2004,8.20470494788577,
Mozambique,MOZ,2005,6.31202378023193,6.42755278070087
Mozambique,MOZ,2006,9.91067756782915,13.2450879070999
Mozambique,MOZ,2007,7.64935393795867,8.48948675497455
Mozambique,MOZ,2008,6.87802942560995,14.5028053002268
Mozambique,MOZ,2009,5.92897187460815,3.78861330914625
Mozambique,MOZ,2010,6.67972935662864,12.4255421735156
Mozambique,MOZ,2011,7.13405842300445,11.1666056127874
Mozambique,MOZ,2012,7.9945031610722,2.60245456956618
Mozambique,MOZ,2013,6.57141389665537,4.26135250941963
Mozambique,MOZ,2014,7.70256844839309,2.55974875844295
Mozambique,MOZ,2015,7.3930936986377,3.55075967356746
Mozambique,MOZ,2016,4.69699024225795,17.4180418197597
Mozambique,MOZ,2017,2.63820737310658,15.1132073899384
Mozambique,MOZ,2018,3.48493202422782,3.91133439990729
Mozambique,MOZ,2019,2.31781394821475,2.80270307928111
Mozambique,MOZ,2020,-1.21952250011192,3.48393567493204
Mozambique,MOZ,2021,2.37743572761507,6.40847652975692
Mozambique,MOZ,2022,4.36445074432608,10.2794018093421
Mozambique,MOZ,2023,5.48149036541776,7.12697482131851
Mauritania,MRT,2000,-3.91802585208993,3.25406745833358
Mauritania,MRT,2001,-0.799493830035985,4.7148963468961
Mauritania,MRT,2002,1.38148396045266,3.8957052575849
Mauritania,MRT,2003,6.92826957568474,5.15190150769578
Mauritania,MRT,2004,4.73275787510946,10.3676233473073
Mauritania,MRT,2005,8.56628732009419,12.1256487185541
Mauritania,MRT,2006,18.3331986932345,6.2410332814282
Mauritania,MRT,2007,-1.96942274988409,7.25410841304887
Mauritania,MRT,2008,-0.331079223430805,7.34663541249786
Mauritania,MRT,2009,0.0978759143320076,2.22092032381779
Mauritania,MRT,2010,2.62022948104543,6.28354087427704
Mauritania,MRT,2011,4.17278327815399,5.68631959575954
Mauritania,MRT,2012,4.47001319170479,4.90242727217997
Mauritania,MRT,2013,4.1508131898954,4.12910173783393
Mauritania,MRT,2014,4.27482328814457,3.53436856147324
Mauritania,MRT,2015,5.37633924099251,3.25472688117631
Mauritania,MRT,2016,1.26090923067225,1.47171045650004
Mauritania,MRT,2017,6.27054566937677,2.25427651934813
Mauritania,MRT,2018,4.77217365692621,3.06735996058356
Mauritania,MRT,2019,3.14100489306969,2.30009262117937
Mauritania,MRT,2020,-0.360657384151068,2.3856948845632
Mauritania,MRT,2021,0.742715486567747,3.56516484650185
Mauritania,MRT,2022,6.79600500489967,9.52526628622843
Mauritania,MRT,2023,6.80949001978621,4.95305034506872
Mauritius,MUS,2000,8.20279174865273,4.19928825622807
Mauritius,MUS,2001,3.34754072731407,5.38934426229508
Mauritius,MUS,2002,1.61491865862433,6.41933372221149
Mauritius,MUS,2003,5.92544548947731,3.92105357558188
Mauritius,MUS,2004,4.33001985464357,4.71037060105883
Mauritius,MUS,2005,1.77754302034454,4.93717004981795
Mauritius,MUS,2006,4.8655446077553,8.91350105650142
Mauritius,MUS,2007,5.72701615981669,8.82729272393294
Mauritius,MUS,2008,5.38696254207251,9.73228317146887
Mauritius,MUS,2009,3.31507699790781,2.51609128145113
Mauritius,MUS,2010,4.37720322344293,2.93236301369857
Mauritius,MUS,2011,4.07753806610333,6.52249254869341
Mauritius,MUS,2012,3.49611836470866,3.85216033315983
Mauritius,MUS,2013,3.36040609974133,3.54329573934839
Mauritius,MUS,2014,3.82696982009337,3.21769191994684
Mauritius,MUS,2015,3.69055690369433,1.28654970760232
Mauritius,MUS,2016,3.8624682634,0.977675134718965
Mauritius,MUS,2017,3.93798380632353,3.66699702675925
Mauritius,MUS,2018,4.00674057198549,3.2160538314457
Mauritius,MUS,2019,2.89128499346516,0.405655190309553
Mauritius,MUS,2020,-14.5465381490166,2.5808007718283
Mauritius,MUS,2021,3.40379866177662,4.02852888157376
Mauritius,MUS,2022,8.69306675264066,10.7737512242899
Mauritius,MUS,2023,5.00791900868131,7.05298238454736
Malawi,MWI,2000,1.57607762616895,29.5814884631684
Malawi,MWI,2001,-4.97496361892476,22.7
Malawi,MWI,2002,1.70000003078317,14.7446346101603
Malawi,MWI,2003,5.70563940467414,9.57679786919214
Malawi,MWI,2004,5.42049754993828,11.4298060822124
Malawi,MWI,2005,3.26872602317066,15.4103446604296
Malawi,MWI,2006,4.69999976404691,13.9742943548388
Malawi,MWI,2007,9.59999987683469,7.9522099086403
Malawi,MWI,2008,7.63973639944591,8.71260186609043
Malawi,MWI,2009,8.3281098524038,8.42204427696655
Malawi,MWI,2010,6.87406585416142,7.41159092883827
Malawi,MWI,2011,4.93266999813729,7.6228226284852
Malawi,MWI,2012,1.90000000072909,21.2712650013779
Malawi,MWI,2013,5.41034999817167,27.2833333333334
Malawi,MWI,2014,5.62527000105139,23.7920649469687
Malawi,MWI,2015,2.80000000003355,21.8673475542553
Malawi,MWI,2016,2.49999999914311,21.7111132136499
Malawi,MWI,2017,4.00000000089172,11.5433939188771
Malawi,MWI,2018,4.35356471619211,12.420178108921
Malawi,MWI,2019,5.71682519194337,9.3708360560567
Malawi,MWI,2020,0.793596429787286,8.62551469650552
Malawi,MWI,2021,4.55829212016083,9.33014410835212
Malawi,MWI,2022,0.921115069005936,20.953969729969
Malawi,MWI,2023,1.94575281675984,28.7897428247298
Malaysia,MYS,2000,8.85886816969386,1.53474023697699
Malaysia,MYS,2001,0.517675319192861,1.41678473206098
Malaysia,MYS,2002,5.39098830692797,1.80787246281536
Malaysia,MYS,2003,5.7884992858875,1.08967632577286
Malaysia,MYS,2004,6.78343772370305,1.42127115937402
Malaysia,MYS,2005,5.33213916141486,2.97507092684449
Malaysia,MYS,2006,5.5848470671515,3.60923564224389
Malaysia,MYS,2007,6.29878592740947,2.02735317779569
Malaysia,MYS,2008,4.83176988913097,5.44078221100769
Malaysia,MYS,2009,-1.51352871598714,0.583308405623702
Malaysia,MYS,2010,7.42484738326097,1.62285235577035
Malaysia,MYS,2011,5.29391283414003,3.1744709215131
Malaysia,MYS,2012,5.47345419253853,1.66357102479206
Malaysia,MYS,2013,4.69372252557893,2.10501231233612
Malaysia,MYS,2014,6.00672194558203,3.14299050879095
Malaysia,MYS,2015,5.09153242155011,2.10438980238359
Malaysia,MYS,2016,4.44978139761541,2.09056659525742
Malaysia,MYS,2017,5.81272240983328,3.87120115774237
Malaysia,MYS,2018,4.84308697634881,0.884709160571235
Malaysia,MYS,2019,4.41318742129586,0.662891865764326
Malaysia,MYS,2020,-5.45684658426701,-1.1387021539305
Malaysia,MYS,2021,3.31534954399166,2.47710241465447
Malaysia,MYS,2022,9.03173723044451,3.37869862549928
Malaysia,MYS,2023,3.5370638041057,2.48886560125754
Namibia,NAM,2000,3.49218336365178,
Namibia,NAM,2001,1.17794869467917,
Namibia,NAM,2002,4.7886612188211,
Namibia,NAM,2003,4.23979429582137,7.1361531145863
Namibia,NAM,2004,12.2695481036769,4.13663213144748
Namibia,NAM,2005,2.52926265819022,2.28194607024307
Namibia,NAM,2006,7.07317531845825,4.96116689298916
Namibia,NAM,2007,5.37404415167634,6.54788141101717
Namibia,NAM,2008,2.64981203780268,9.0946430719281
Namibia,NAM,2009,0.295970914001089,9.45172651521705
Namibia,NAM,2010,6.03924947955858,4.8749198764395
Namibia,NAM,2011,5.09133813864338,5.005595180812
Namibia,NAM,2012,5.0616820696264,6.72199777334886
Namibia,NAM,2013,5.61471962254485,5.60092502290401
Namibia,NAM,2014,6.09251915977956,5.35016966859602
Namibia,NAM,2015,4.26417453763675,3.39401538410559
Namibia,NAM,2016,0.0337944502063294,6.72858234593338
Namibia,NAM,2017,-1.02724808856709,6.14579981111164
Namibia,NAM,2018,1.05993949860752,4.29159105337875
Namibia,NAM,2019,-0.839152163419357,3.72239414422695
Namibia,NAM,2020,-8.10140201443319,2.20938236933469
Namibia,NAM,2021,3.60382919248703,3.61690530108814
Namibia,NAM,2022,5.3987247803654,6.08128114112413
Namibia,NAM,2023,4.44280600303956,5.87993463284275
New Caledonia,NCL,2000,2.10010882688805,
New Caledonia,NCL,2001,,
New Caledonia,NCL,2002,,
New Caledonia,NCL,2003,,
New Caledonia,NCL,2004,,
New Caledonia,NCL,2005,,
New Caledonia,NCL,2006,,
New Caledonia,NCL,2007,,
New Caledonia,NCL,2008,,
New Caledonia,NCL,2009,,
New Caledonia,NCL,2010,,
New Caledonia,NCL,2011,,2.42899693753383
New Caledonia,NCL,2012,,1.74967234600262
New Caledonia,NCL,2013,,1.27761318992718
New Caledonia,NCL,2014,,0.178851060785511
New Caledonia,NCL,2015,,0.570508141048402
New Caledonia,NCL,2016,,0.578317435520754
New Caledonia,NCL,2017,,
New Caledonia,NCL,2018,0.400000000000006,
New Caledonia,NCL,2019,-1.40000000000001,
New Caledonia,NCL,2020,-2.40000000000001,
New Caledonia,NCL,2021,-2.10000000000004,
New Caledonia,NCL,2022,3.50000000000006,
New Caledonia,NCL,2023,2.8,
Niger,NER,2000,-1.20847774100575,2.90014973599108
Niger,NER,2001,7.26813490213235,4.00551428352678
Niger,NER,2002,4.91847057594622,2.62886597938136
Niger,NER,2003,2.1706103837418,-1.61440769175596
Niger,NER,2004,0.363801578722132,0.262543757292838
Niger,NER,2005,7.33186884258517,7.7974978178644
Niger,NER,2006,5.93104997350342,0.0404858299595074
Niger,NER,2007,3.14272408386731,0.0539592607581562
Niger,NER,2008,7.73141422777337,11.3051098827019
Niger,NER,2009,1.96260090694645,0.582906590801122
Niger,NER,2010,8.57816674262253,0.804073080882659
Niger,NER,2011,2.35775693603874,2.9423851401332
Niger,NER,2012,10.5489445763446,0.455089820359289
Niger,NER,2013,5.31513063394726,2.29723114955317
Niger,NER,2014,6.64213665495603,-0.930287259984466
Niger,NER,2015,4.39264883207291,-0.576090369833189
Niger,NER,2016,5.74089315058157,1.65388922387806
Niger,NER,2017,5.00536078615544,2.79637318871284
Niger,NER,2018,7.21141802762897,2.96760366004456
Niger,NER,2019,5.93985257123522,-2.48979265070855
Niger,NER,2020,3.55064109436891,2.8981937602627
Niger,NER,2021,1.38359636198477,3.8378680284051
Niger,NER,2022,11.9000000000277,4.22621791916392
Niger,NER,2023,1.66763406484279,3.70097316425834
Nigeria,NGA,2000,5.01593475931152,6.93329215565161
Nigeria,NGA,2001,5.91768464920371,18.8736462093863
Nigeria,NGA,2002,15.3291557409559,12.8765792031099
Nigeria,NGA,2003,7.34719496799492,14.0317836131437
Nigeria,NGA,2004,9.2505582291798,14.9980338183251
Nigeria,NGA,2005,6.43851652538348,17.8634933661605
Nigeria,NGA,2006,6.05942803202906,8.22522152017047
Nigeria,NGA,2007,6.59113036068679,5.38800796858626
Nigeria,NGA,2008,6.76447277780228,11.5810751748252
Nigeria,NGA,2009,8.03692510099023,12.5378277304689
Nigeria,NGA,2010,8.00565591628701,13.7400521363694
Nigeria,NGA,2011,5.30792420289453,10.8261371880017
Nigeria,NGA,2012,4.23006117493223,12.2242413020584
Nigeria,NGA,2013,6.67133539306167,8.49551838265669
Nigeria,NGA,2014,6.30971865525431,8.04741087967907
Nigeria,NGA,2015,2.65269329543001,9.00943498007706
Nigeria,NGA,2016,-1.61686894906509,15.6968126387972
Nigeria,NGA,2017,0.805886619102438,16.5022662139641
Nigeria,NGA,2018,1.92275734200614,12.0951065173432
Nigeria,NGA,2019,2.20842927714892,11.3964223378116
Nigeria,NGA,2020,-6.36889840510109,13.2460234276597
Nigeria,NGA,2021,1.10925253938163,16.9528457221608
Nigeria,NGA,2022,4.31882949523192,18.8471877843274
Nigeria,NGA,2023,3.32684556421316,24.659550203114
Nicaragua,NIC,2000,4.10159025073438,7.06991352252517
Nicaragua,NIC,2001,2.96084349057273,5.98604186279518
Nicaragua,NIC,2002,0.753938876079573,3.75017465778466
Nicaragua,NIC,2003,2.52073289551447,5.30238773219936
Nicaragua,NIC,2004,5.31217056950739,8.47021063584077
Nicaragua,NIC,2005,4.28239833770654,9.59909986064425
Nicaragua,NIC,2006,4.15294559846254,9.1401996677772
Nicaragua,NIC,2007,5.0763520180987,11.1269347446118
Nicaragua,NIC,2008,3.43571693608081,19.8262031287429
Nicaragua,NIC,2009,-3.2926651586197,3.68700160498797
Nicaragua,NIC,2010,4.41009911716546,5.45513425887423
Nicaragua,NIC,2011,6.31668553491842,8.082387980991
Nicaragua,NIC,2012,6.4961364710876,7.1935505333896
Nicaragua,NIC,2013,4.92709413447304,7.13546785289407
Nicaragua,NIC,2014,4.78546013589983,6.03596861798425
Nicaragua,NIC,2015,4.79226768332697,3.99737996694396
Nicaragua,NIC,2016,4.56314739524967,3.52317317628473
Nicaragua,NIC,2017,4.63120757580209,3.85067166284727
Nicaragua,NIC,2018,-3.3633566598573,4.94723728039886
Nicaragua,NIC,2019,-2.89686986728901,5.37628990844126
Nicaragua,NIC,2020,-2.23654176262323,3.68181341625572
Nicaragua,NIC,2021,10.454389484408,4.92841396948968
Nicaragua,NIC,2022,3.55029945613975,10.4674244465991
Nicaragua,NIC,2023,4.42774384760374,8.38765854872536
Netherlands,NLD,2000,4.2197537762102,2.36052233801958
Netherlands,NLD,2001,2.32357570819386,4.15584127195612
Netherlands,NLD,2002,0.245785659129112,3.28753104712766
Netherlands,NLD,2003,0.097832364227159,2.09199838997655
Netherlands,NLD,2004,2.01630996216733,1.26364739183177
Netherlands,NLD,2005,2.03396336199143,1.6881301786962
Netherlands,NLD,2006,3.53737509680782,1.10150106517709
Netherlands,NLD,2007,3.88530644801823,1.61385859802102
Netherlands,NLD,2008,2.11681593642137,2.48650198289457
Netherlands,NLD,2009,-3.66529049145096,1.18977687021548
Netherlands,NLD,2010,1.31932032302214,1.27530569556679
Netherlands,NLD,2011,1.77334516269423,2.34107017751373
Netherlands,NLD,2012,-0.977876877747732,2.45554765291614
Netherlands,NLD,2013,-0.0302325600539604,2.50689852657875
Netherlands,NLD,2014,1.61261001294011,0.976035079699679
Netherlands,NLD,2015,2.12060523860846,0.600248147278776
Netherlands,NLD,2016,2.42428572955482,0.316666666666652
Netherlands,NLD,2017,2.78154619309936,1.38145871407216
Netherlands,NLD,2018,2.2587403735731,1.70349794744479
Netherlands,NLD,2019,2.30009157916757,2.63369910249591
Netherlands,NLD,2020,-3.86795333823223,1.27246037789161
Netherlands,NLD,2021,6.2768306708326,2.67572008805385
Netherlands,NLD,2022,5.00723455159611,10.0012078753473
Netherlands,NLD,2023,-0.598096167209832,3.83839354342808
Norway,NOR,2000,3.31894570142394,3.08550609131279
Norway,NOR,2001,2.06713043546189,3.00419703998233
Norway,NOR,2002,1.37755702173065,1.28672528415184
Norway,NOR,2003,0.944909363247831,2.48782553461781
Norway,NOR,2004,4.01458802387079,0.454498502220863
Norway,NOR,2005,2.68512290339085,1.53213367609249
Norway,NOR,2006,2.46147311635166,2.3293498075755
Norway,NOR,2007,2.91404000653228,0.712589073634201
Norway,NOR,2008,0.481919549757933,3.75393081761005
Norway,NOR,2009,-1.94036472596633,2.19738586853568
Norway,NOR,2010,0.787051861494078,2.41890639481003
Norway,NOR,2011,1.10565603382983,1.2849515880916
Norway,NOR,2012,2.71795924894734,0.696864111498263
Norway,NOR,2013,1.01619084044641,2.12048620353112
Norway,NOR,2014,2.04813200438943,2.04170286707211
Norway,NOR,2015,1.85733971623901,2.17113665389527
Norway,NOR,2016,1.16472423928819,3.55000000000007
Norway,NOR,2017,2.46374626574153,1.87510059552545
Norway,NOR,2018,0.828931500516902,2.76483134528797
Norway,NOR,2019,1.12374694968757,2.16773003305411
Norway,NOR,2020,-1.27817177234034,1.28658490707996
Norway,NOR,2021,3.90868676830634,3.48388055266669
Norway,NOR,2022,3.24622860260932,5.76412317852272
Norway,NOR,2023,0.0721204806030329,5.51784987104659
Nepal,NPL,2000,6.19999998192236,2.47882020709136
Nepal,NPL,2001,4.79989214255407,2.6883037354563
Nepal,NPL,2002,0.120143177369414,3.02939948714892
Nepal,NPL,2003,3.94503776051116,5.70700931874738
Nepal,NPL,2004,4.68260325152944,2.8418113124898
Nepal,NPL,2005,3.47918104829496,6.83633265892877
Nepal,NPL,2006,3.36461478056277,6.92033580707589
Nepal,NPL,2007,3.41156027980276,2.26921924439074
Nepal,NPL,2008,6.10463914373472,9.9078300530648
Nepal,NPL,2009,4.5330787246486,11.0948237386987
Nepal,NPL,2010,4.81641464694573,9.32650410745395
Nepal,NPL,2011,3.42180870116162,9.2270754612596
Nepal,NPL,2012,4.67014192446953,9.45980980357125
Nepal,NPL,2013,3.52515317129149,9.04016311917645
Nepal,NPL,2014,6.01148284250441,8.36415469659563
Nepal,NPL,2015,3.97605327162971,7.86890895590891
Nepal,NPL,2016,0.433113719381524,8.7903433200464
Nepal,NPL,2017,8.97727935643466,2.77703998300211
Nepal,NPL,2018,7.62237610397935,4.40659410175714
Nepal,NPL,2019,6.65705543110467,5.56616035243723
Nepal,NPL,2020,-2.3696206292072,5.05635826238499
Nepal,NPL,2021,4.838149614115,4.12676744440695
Nepal,NPL,2022,5.6313145568451,7.6702057938028
Nepal,NPL,2023,1.98254843628392,7.11587261530826
Nauru,NRU,2000,-6.85619346501754,
Nauru,NRU,2001,-6.76108886950998,
Nauru,NRU,2002,-9.97138355338151,
Nauru,NRU,2003,0.28465686231101,
Nauru,NRU,2004,-4.3148265049213,
Nauru,NRU,2005,0.0,
Nauru,NRU,2006,8.45070422535204,
Nauru,NRU,2007,-22.077922077922,
Nauru,NRU,2008,19.9999999999999,
Nauru,NRU,2009,-5.55555555555564,
Nauru,NRU,2010,0.0,
Nauru,NRU,2011,14.7058823529412,0.3003003003003
Nauru,NRU,2012,24.3589743589745,-0.124750499001971
Nauru,NRU,2013,4.12371134020613,
Nauru,NRU,2014,15.8415841584163,
Nauru,NRU,2015,3.41880341880281,
Nauru,NRU,2016,4.13223140495909,
Nauru,NRU,2017,-6.34920634920697,
Nauru,NRU,2018,-0.847457627117805,
Nauru,NRU,2019,8.5470085470084,
Nauru,NRU,2020,1.57480314960559,
Nauru,NRU,2021,7.75193798449692,
Nauru,NRU,2022,2.87769784172609,
Nauru,NRU,2023,0.699300699300778,
New Zealand,NZL,2000,2.87005108790095,2.6152344624632
New Zealand,NZL,2001,3.41099312247906,2.62581630392903
New Zealand,NZL,2002,4.71347767117496,2.67709257711605
New Zealand,NZL,2003,4.72804204913962,1.75357444759557
New Zealand,NZL,2004,4.08796484025709,2.29024902847571
New Zealand,NZL,2005,3.35292760405062,3.03702332617012
New Zealand,NZL,2006,2.77978059105617,3.36540196171993
New Zealand,NZL,2007,3.05641638984955,2.37614310290659
New Zealand,NZL,2008,-1.01703846933975,3.9589493731206
New Zealand,NZL,2009,-0.0374661120713,2.1156511055456
New Zealand,NZL,2010,1.45863634911349,2.30202385958572
New Zealand,NZL,2011,2.09349621669912,4.0279066739204
New Zealand,NZL,2012,2.36630664656174,1.05991318445632
New Zealand,NZL,2013,2.58954199031598,1.13442266445817
New Zealand,NZL,2014,3.82638491760299,1.227507505974
New Zealand,NZL,2015,3.69036908387233,0.292704628136101
New Zealand,NZL,2016,3.77911068354334,0.646240284454524
New Zealand,NZL,2017,3.37873219470765,1.85078767452536
New Zealand,NZL,2018,3.47058203866328,1.59829703801696
New Zealand,NZL,2019,2.31747144034802,1.61963190184048
New Zealand,NZL,2020,-0.307246896026541,1.71456170007245
New Zealand,NZL,2021,4.53540565716095,3.94112060778728
New Zealand,NZL,2022,3.49638686458842,7.17222476016441
New Zealand,NZL,2023,1.39425181563566,5.73316283034957
Oman,OMN,2000,6.19241063695442,
Oman,OMN,2001,4.61316649389876,-0.816666666666656
Oman,OMN,2002,-0.784165786429256,-0.279578822571373
Oman,OMN,2003,-2.19466567976842,0.231328682267143
Oman,OMN,2004,1.99251510973346,0.624969062631367
Oman,OMN,2005,2.77944360306151,1.90983553531865
Oman,OMN,2006,4.66981481939328,3.54498591605033
Oman,OMN,2007,4.98065467051528,5.8304841809271
Oman,OMN,2008,8.95005895005896,12.3754091529912
Oman,OMN,2009,5.98196694904402,3.46881023754893
Oman,OMN,2010,2.47199856582773,3.25657959078624
Oman,OMN,2011,2.89460973541192,4.0421886711639
Oman,OMN,2012,8.86312225557018,2.94773495257209
Oman,OMN,2013,5.22770408145942,1.05354820265932
Oman,OMN,2014,1.29225229411081,1.01401483924156
Oman,OMN,2015,5.01705799719045,0.0652901330286599
Oman,OMN,2016,5.04642394571691,1.10920805807027
Oman,OMN,2017,0.304057565922449,1.58909413567799
Oman,OMN,2018,1.28710391543288,0.889312370970404
Oman,OMN,2019,-1.12863801728058,0.490815362820671
Oman,OMN,2020,-3.37972052697999,-0.40640291946585
Oman,OMN,2021,2.5821749892893,1.68221185876085
Oman,OMN,2022,7.98570728354278,2.5061425061425
Oman,OMN,2023,1.41401395818599,0.950782997762827
Pakistan,PAK,2000,4.2600880111325,4.36666451291681
Pakistan,PAK,2001,3.65135017083765,3.14826144590618
Pakistan,PAK,2002,2.59481668445784,3.29034472613153
Pakistan,PAK,2003,5.40131087314342,2.91413470059479
Pakistan,PAK,2004,7.83125556961251,7.44462469342739
Pakistan,PAK,2005,7.2765744364722,9.06332737030417
Pakistan,PAK,2006,6.05163767569996,7.92108440058789
Pakistan,PAK,2007,4.4448143398844,7.59868441050774
Pakistan,PAK,2008,2.1204410433083,20.2861210929554
Pakistan,PAK,2009,3.47255059567348,13.6477650639761
Pakistan,PAK,2010,1.50171752152883,12.9388705634889
Pakistan,PAK,2011,2.68011685421705,11.9160927116277
Pakistan,PAK,2012,3.02758391088629,9.68235186055684
Pakistan,PAK,2013,4.36686504978387,7.69215611899565
Pakistan,PAK,2014,4.11642817161422,7.18938402847028
Pakistan,PAK,2015,4.21794209572506,2.52932817254229
Pakistan,PAK,2016,6.57383828511043,3.7651191635658
Pakistan,PAK,2017,4.43262590683975,4.08537368032608
Pakistan,PAK,2018,6.15170261099519,5.07805725868917
Pakistan,PAK,2019,2.49763692943365,10.5780305672025
Pakistan,PAK,2020,-1.27408744338709,9.74011619320125
Pakistan,PAK,2021,6.51388575852702,9.49641577285205
Pakistan,PAK,2022,4.7781068690358,19.8738599646655
Pakistan,PAK,2023,-0.414935997088406,30.7681280657005
Panama,PAN,2000,4.2090057360153,1.49896111605777
Panama,PAN,2001,0.949907875683692,0.307062436028722
Panama,PAN,2002,2.50884408826073,1.00583090379039
Panama,PAN,2003,5.09686013628365,0.391666666666657
Panama,PAN,2004,8.1756535098435,0.474723078204336
Panama,PAN,2005,8.27618322400723,2.85588324760959
Panama,PAN,2006,9.8572387394466,2.45789346442096
Panama,PAN,2007,13.1530653136012,4.16863300298887
Panama,PAN,2008,10.197432548532,8.75868317728784
Panama,PAN,2009,1.61186417596689,2.409053040822
Panama,PAN,2010,6.07339340909564,3.491288726188
Panama,PAN,2011,11.9088772241134,5.8758024367877
Panama,PAN,2012,9.62729355007232,5.69819959165992
Panama,PAN,2013,6.32435373509259,4.0271599157106
Panama,PAN,2014,4.62581384604574,2.62652699929151
Panama,PAN,2015,5.26691726402875,0.137492058461504
Panama,PAN,2016,4.57196696307969,0.739734025300033
Panama,PAN,2017,5.74405946988693,0.875585918759878
Panama,PAN,2018,3.9181980847881,0.761578359399944
Panama,PAN,2019,3.10306793272473,-0.355083821021245
Panama,PAN,2020,-17.8212299459324,-1.5502754080376
Panama,PAN,2021,16.4671248604202,1.63070337301898
Panama,PAN,2022,11.0385475261766,2.85965128834711
Panama,PAN,2023,7.16632946099945,1.48641355277038
Peru,PER,2000,2.69437139806912,3.75733833344474
Peru,PER,2001,0.617892325624297,1.97709878502053
Peru,PER,2002,5.45352893818767,0.193135003853722
Peru,PER,2003,4.16502313666112,2.25937753363072
Peru,PER,2004,4.95820320611745,3.66247320092233
Peru,PER,2005,6.28506032509601,1.61630193862544
Peru,PER,2006,7.5288990440594,2.00225801248819
Peru,PER,2007,8.5183877690955,1.77998644680372
Peru,PER,2008,9.1265683014642,5.78587598206755
Peru,PER,2009,1.0958236592427,2.936231535967
Peru,PER,2010,8.33245910749577,1.52832059732901
Peru,PER,2011,6.32719240161117,3.36931095333853
Peru,PER,2012,6.13972470560435,3.61121294940163
Peru,PER,2013,5.85251821084928,2.76789666082002
Peru,PER,2014,2.38215737180541,3.41194579807465
Peru,PER,2015,3.25224477218451,3.39809194746308
Peru,PER,2016,3.95331871520767,3.55717663556279
Peru,PER,2017,2.51883544233135,2.99490045809443
Peru,PER,2018,3.969351341365,1.50915423024742
Peru,PER,2019,2.24063176875049,2.25212191358027
Peru,PER,2020,-10.9333065010382,2.00241205759292
Peru,PER,2021,13.3626240903125,4.27166381536798
Peru,PER,2022,2.8090335533015,8.33370630096231
Peru,PER,2023,-0.403242151494268,6.45561348369586
Philippines,PHL,2000,4.38250500083399,3.9771250324928
Philippines,PHL,2001,3.04923134463486,5.34550195567142
Philippines,PHL,2002,3.71625500158383,2.72277227722765
Philippines,PHL,2003,5.08691113513073,2.28915662650607
Philippines,PHL,2004,6.56922851180626,4.82921083627795
Philippines,PHL,2005,4.94250511877678,6.51685393258433
Philippines,PHL,2006,5.31641682136939,5.4852320675105
Philippines,PHL,2007,6.51929155018938,2.90000000000003
Philippines,PHL,2008,4.34448730509183,8.26044703595725
Philippines,PHL,2009,1.44832306275669,4.21903052064628
Philippines,PHL,2010,7.33449996034538,3.78983634797591
Philippines,PHL,2011,3.85823282795663,4.7184170471842
Philippines,PHL,2012,6.89695171050985,3.02696391124796
Philippines,PHL,2013,6.75053130142255,2.58268766141795
Philippines,PHL,2014,6.34798748260867,3.59782343864211
Philippines,PHL,2015,6.34830971672761,0.674192536845408
Philippines,PHL,2016,7.14945675000752,1.25369880080982
Philippines,PHL,2017,6.9309883258402,2.85318772590947
Philippines,PHL,2018,6.34148557153473,5.30934661627707
Philippines,PHL,2019,6.11852566221303,2.39206534422404
Philippines,PHL,2020,-9.51829474045297,2.3931623931624
Philippines,PHL,2021,5.71473313185116,3.92718022100332
Philippines,PHL,2022,7.58098212785563,5.82115811213955
Philippines,PHL,2023,5.51894967862863,5.97802515541409
Palau,PLW,2000,-2.60390246523619,
Palau,PLW,2001,7.34589375241519,
Palau,PLW,2002,4.71497769088471,-1.30123617436562
Palau,PLW,2003,-2.12776308332282,0.922874093605824
Palau,PLW,2004,3.47251046466637,4.96407576747217
Palau,PLW,2005,2.88482726313062,3.9514623522091
Palau,PLW,2006,0.228095913166968,4.42981143370254
Palau,PLW,2007,1.32259368182741,3.23875035826881
Palau,PLW,2008,-5.19490494373626,11.9655746807329
Palau,PLW,2009,-6.53652076215215,1.43813538308953
Palau,PLW,2010,-2.64326159533755,1.44219017355169
Palau,PLW,2011,5.09200624133297,4.6746987951807
Palau,PLW,2012,1.65514876664869,3.61418047882138
Palau,PLW,2013,-2.55228103983089,3.35481004221287
Palau,PLW,2014,5.16816298235885,4.19174548581256
Palau,PLW,2015,7.92010724472276,0.949040643697081
Palau,PLW,2016,1.32685546630708,-1.04230533415074
Palau,PLW,2017,-2.98950254798218,1.4179881966692
Palau,PLW,2018,-1.24390713667657,2.10970464135017
Palau,PLW,2019,-0.362028649856498,0.26737967914444
Palau,PLW,2020,-6.87233152299699,0.218181818181833
Palau,PLW,2021,-13.2600319305925,2.6124818577648
Palau,PLW,2022,1.51267904038146,12.3526638378124
Palau,PLW,2023,2.21599800170485,12.8199748216534
Papua New Guinea,PNG,2000,-2.49484199260023,15.5958933107535
Papua New Guinea,PNG,2001,-0.121288605564772,9.29817332783968
Papua New Guinea,PNG,2002,-0.158900533082658,11.7994470972606
Papua New Guinea,PNG,2003,2.16410250222083,14.7090779663557
Papua New Guinea,PNG,2004,2.72117574098235,2.15893131266946
Papua New Guinea,PNG,2005,6.34479592309654,1.78080439925826
Papua New Guinea,PNG,2006,5.40994409107307,2.3684623841683
Papua New Guinea,PNG,2007,7.81518922862388,0.91135045567524
Papua New Guinea,PNG,2008,-0.296457845880582,10.7614182326827
Papua New Guinea,PNG,2009,6.80042148322096,6.91832532601224
Papua New Guinea,PNG,2010,10.1284540720232,6.01360893567856
Papua New Guinea,PNG,2011,1.10754362619616,4.44083401028971
Papua New Guinea,PNG,2012,4.65711959686239,4.53720508166972
Papua New Guinea,PNG,2013,3.82494632800675,4.9603174603175
Papua New Guinea,PNG,2014,13.5437706216546,5.22211720226841
Papua New Guinea,PNG,2015,6.57835632304275,5.99595778127107
Papua New Guinea,PNG,2016,5.48957315278187,6.6737288135593
Papua New Guinea,PNG,2017,3.53461081750459,5.42204568023834
Papua New Guinea,PNG,2018,-0.279252284959952,4.37448921453162
Papua New Guinea,PNG,2019,4.48051456942582,3.92867290939597
Papua New Guinea,PNG,2020,-3.16743204434815,4.87167398565555
Papua New Guinea,PNG,2021,-0.511353418578196,4.48359014042398
Papua New Guinea,PNG,2022,5.70758404238197,5.25323922215241
Papua New Guinea,PNG,2023,3.81088622906051,2.29869991296791
Poland,POL,2000,4.65633252988236,9.90017538843065
Poland,POL,2001,1.23374464400356,5.4083354556615
Poland,POL,2002,1.90119437968586,1.90528215048054
Poland,POL,2003,3.52337117234833,0.682701375787632
Poland,POL,2004,5.09079546409544,3.38264681884699
Poland,POL,2005,3.26082274679216,2.18379872390251
Poland,POL,2006,6.20210710934373,1.28469394366416
Poland,POL,2007,6.7604478527626,2.4587431238539
Poland,POL,2008,4.38377069274605,4.16497193524779
Poland,POL,2009,2.61512859291683,3.79539242483399
Poland,POL,2010,3.16892748258036,2.58069370250548
Poland,POL,2011,5.25546256612796,4.23940149625932
Poland,POL,2012,1.51178167644575,3.56037151702793
Poland,POL,2013,0.684240607051805,0.991982606332335
Poland,POL,2014,3.92050862390032,0.0538213132399802
Poland,POL,2015,4.43176700264478,-0.874125874125862
Poland,POL,2016,3.03117767594847,-0.664767331433962
Poland,POL,2017,5.15245773325907,2.07593553673859
Poland,POL,2018,6.2458584723942,1.81295156542689
Poland,POL,2019,4.58045817256199,2.22747880938291
Poland,POL,2020,-2.03556882399977,3.37446972618589
Poland,POL,2021,6.92718266052501,5.05502704719272
Poland,POL,2022,5.25545697386036,14.4294507575758
Poland,POL,2023,0.249610834017872,11.5289127961105
Puerto Rico (US),PRI,2000,3.27196451910478,
Puerto Rico (US),PRI,2001,6.31347157694064,
Puerto Rico (US),PRI,2002,0.916459423425337,
Puerto Rico (US),PRI,2003,0.0534198017173964,
Puerto Rico (US),PRI,2004,8.7486769008168,
Puerto Rico (US),PRI,2005,-1.98693871772703,
Puerto Rico (US),PRI,2006,-1.40941405684823,
Puerto Rico (US),PRI,2007,-1.16280665573993,
Puerto Rico (US),PRI,2008,-1.84413421831884,
Puerto Rico (US),PRI,2009,-1.95242518381124,
Puerto Rico (US),PRI,2010,-0.413254119172365,
Puerto Rico (US),PRI,2011,-0.358510636850312,
Puerto Rico (US),PRI,2012,0.0292751500944064,
Puerto Rico (US),PRI,2013,-0.306826666941774,
Puerto Rico (US),PRI,2014,-1.19036347346942,
Puerto Rico (US),PRI,2015,-1.04929003238674,
Puerto Rico (US),PRI,2016,-1.26369434781117,
Puerto Rico (US),PRI,2017,-2.88521838398481,
Puerto Rico (US),PRI,2018,-4.36142703162535,
Puerto Rico (US),PRI,2019,1.67546379498209,
Puerto Rico (US),PRI,2020,-4.1808743093346,
Puerto Rico (US),PRI,2021,0.385222719529239,
Puerto Rico (US),PRI,2022,2.95709565499587,
Puerto Rico (US),PRI,2023,0.731492105366186,
"Korea, Dem. People's Rep.",PRK,2000,,
"Korea, Dem. People's Rep.",PRK,2001,,
"Korea, Dem. People's Rep.",PRK,2002,,
"Korea, Dem. People's Rep.",PRK,2003,,
"Korea, Dem. People's Rep.",PRK,2004,,
"Korea, Dem. People's Rep.",PRK,2005,,
"Korea, Dem. People's Rep.",PRK,2006,,
"Korea, Dem. People's Rep.",PRK,2007,,
"Korea, Dem. People's Rep.",PRK,2008,,
"Korea, Dem. People's Rep.",PRK,2009,,
"Korea, Dem. People's Rep.",PRK,2010,,
"Korea, Dem. People's Rep.",PRK,2011,,
"Korea, Dem. People's Rep.",PRK,2012,,
"Korea, Dem. People's Rep.",PRK,2013,,
"Korea, Dem. People's Rep.",PRK,2014,,
"Korea, Dem. People's Rep.",PRK,2015,,
"Korea, Dem. People's Rep.",PRK,2016,,
"Korea, Dem. People's Rep.",PRK,2017,,
"Korea, Dem. People's Rep.",PRK,2018,,
"Korea, Dem. People's Rep.",PRK,2019,,
"Korea, Dem. People's Rep.",PRK,2020,,
"Korea, Dem. People's Rep.",PRK,2021,,
"Korea, Dem. People's Rep.",PRK,2022,,
"Korea, Dem. People's Rep.",PRK,2023,,
Portugal,PRT,2000,3.81617714108242,2.85303039287157
Portugal,PRT,2001,1.94367213427915,4.36990330551793
Portugal,PRT,2002,0.770924781247714,3.60034658290914
Portugal,PRT,2003,-0.930521045062918,3.21899090682895
Portugal,PRT,2004,1.78873552917291,2.36536204097302
Portugal,PRT,2005,0.781847569123585,2.27716394887834
Portugal,PRT,2006,1.62503532956156,3.1076654587105
Portugal,PRT,2007,2.50657937751231,2.45396528138743
Portugal,PRT,2008,0.319247344434558,2.58850657657959
Portugal,PRT,2009,-3.12207827545093,-0.835530021504157
Portugal,PRT,2010,1.73762453640036,1.40257289895369
Portugal,PRT,2011,-1.71352745905065,3.65301100430724
Portugal,PRT,2012,-4.05090267621935,2.77333854051586
Portugal,PRT,2013,-0.984106574148328,0.274416666666663
Portugal,PRT,2014,0.741391420706506,-0.278153367467428
Portugal,PRT,2015,1.58979803702681,0.48793862390472
Portugal,PRT,2016,2.00414129666575,0.607397074641719
Portugal,PRT,2017,3.31472008175986,1.36861411643472
Portugal,PRT,2018,2.94628343449202,0.993715683468326
Portugal,PRT,2019,2.74568432648596,0.338178410046034
Portugal,PRT,2020,-8.20463159324387,-0.0124383299575305
Portugal,PRT,2021,5.55875672070374,1.26565719069044
Portugal,PRT,2022,6.98584137580278,7.83269124233323
Portugal,PRT,2023,3.09997909018263,4.31128191898672
Paraguay,PRY,2000,-2.31414056819045,8.98215976750022
Paraguay,PRY,2001,-0.834054716746095,7.26806028584825
Paraguay,PRY,2002,-0.0214043949985694,10.5102420856612
Paraguay,PRY,2003,4.32074548551591,14.2367970499143
Paraguay,PRY,2004,4.05741836363771,4.32326492967491
Paraguay,PRY,2005,2.13349066459601,6.80738203116377
Paraguay,PRY,2006,4.80711719268376,9.58934941129229
Paraguay,PRY,2007,5.42162287218235,8.13047417698577
Paraguay,PRY,2008,6.49629211973152,10.1547846489023
Paraguay,PRY,2009,-0.261137328115808,2.59194673430567
Paraguay,PRY,2010,11.0952312685449,4.65116279069765
Paraguay,PRY,2011,4.28637120706239,8.2539682539683
Paraguay,PRY,2012,-0.708043112304196,3.67591897974496
Paraguay,PRY,2013,8.29307648937821,2.68385738718582
Paraguay,PRY,2014,5.30123864475758,5.02882767456766
Paraguay,PRY,2015,2.95715168364671,3.12900274473925
Paraguay,PRY,2016,4.26802583314358,4.08682280577241
Paraguay,PRY,2017,4.81007885552178,3.60247741348943
Paraguay,PRY,2018,3.20425034080199,3.97561015740694
Paraguay,PRY,2019,-0.401855100701937,2.75709727562775
Paraguay,PRY,2020,-0.819785390945569,1.76751592356698
Paraguay,PRY,2021,4.01673731776404,4.787983101236
Paraguay,PRY,2022,0.176038366149214,9.76556667164402
Paraguay,PRY,2023,4.9992279112746,4.63202285403356
West Bank and Gaza,PSE,2000,-8.5555726838292,2.79819892435758
West Bank and Gaza,PSE,2001,-9.31108114182962,1.22278475878898
West Bank and Gaza,PSE,2002,-12.4883821798129,5.70951585976626
West Bank and Gaza,PSE,2003,14.0156476793996,4.40303221730888
West Bank and Gaza,PSE,2004,21.9244861205987,3.00417498638593
West Bank and Gaza,PSE,2005,11.2906511829271,4.10725070715931
West Bank and Gaza,PSE,2006,-0.996556103477076,3.84234125624782
West Bank and Gaza,PSE,2007,3.78828152085981,1.85974379351111
West Bank and Gaza,PSE,2008,7.42918225547835,9.88999788691849
West Bank and Gaza,PSE,2009,8.59349087893864,2.75393485083151
West Bank and Gaza,PSE,2010,5.77736205629419,3.74915727597096
West Bank and Gaza,PSE,2011,9.60080848913594,2.8772435849594
West Bank and Gaza,PSE,2012,6.09645656326154,2.77908768282492
West Bank and Gaza,PSE,2013,4.69856986552234,1.72439933626931
West Bank and Gaza,PSE,2014,-0.157866650855297,1.73298510037447
West Bank and Gaza,PSE,2015,3.72129967114788,1.43161145810476
West Bank and Gaza,PSE,2016,8.86461881995935,-0.219106604907316
West Bank and Gaza,PSE,2017,1.41936756294787,0.212570934228881
West Bank and Gaza,PSE,2018,1.22707737782703,-0.195107773730735
West Bank and Gaza,PSE,2019,1.36268746558062,1.58018333639455
West Bank and Gaza,PSE,2020,-11.3184661065134,-0.735332001092191
West Bank and Gaza,PSE,2021,7.01198227592003,1.23748102831369
West Bank and Gaza,PSE,2022,4.08276027347105,3.74122391852077
West Bank and Gaza,PSE,2023,-4.55580428525744,5.87110177678988
French Polynesia,PYF,2000,3.24541101308193,
French Polynesia,PYF,2001,-0.341595578089056,
French Polynesia,PYF,2002,0.846181482808589,
French Polynesia,PYF,2003,2.1269288487261,
French Polynesia,PYF,2004,0.971259129987544,
French Polynesia,PYF,2005,0.309973476180005,
French Polynesia,PYF,2006,0.889584117597607,
French Polynesia,PYF,2007,1.70497563803002,
French Polynesia,PYF,2008,0.00676755066312751,
French Polynesia,PYF,2009,-4.23139183069446,
French Polynesia,PYF,2010,-2.4660641898174,
French Polynesia,PYF,2011,-2.96195745427229,
French Polynesia,PYF,2012,-0.927537712532072,
French Polynesia,PYF,2013,0.398801414346934,
French Polynesia,PYF,2014,0.593554452942286,
French Polynesia,PYF,2015,1.80334081452726,
French Polynesia,PYF,2016,2.30219823670438,
French Polynesia,PYF,2017,4.29263363103487,
French Polynesia,PYF,2018,1.80687498305207,
French Polynesia,PYF,2019,2.68946658143334,
French Polynesia,PYF,2020,-10.5738138632489,
French Polynesia,PYF,2021,3.36590242421546,
French Polynesia,PYF,2022,2.9373470716322,
French Polynesia,PYF,2023,2.77284077155413,
Qatar,QAT,2000,8.02812545191884,1.65033522434232
Qatar,QAT,2001,3.89818666233907,1.47133434804683
Qatar,QAT,2002,7.18215168021513,0.239999999999952
Qatar,QAT,2003,3.71995867654906,2.26456504389469
Qatar,QAT,2004,19.2189153397893,6.79933665008279
Qatar,QAT,2005,7.49275848279068,8.81439532334683
Qatar,QAT,2006,26.1702456703032,11.8358096197431
Qatar,QAT,2007,17.9856568160263,13.7581625759964
Qatar,QAT,2008,17.6635563626089,15.0501451570333
Qatar,QAT,2009,11.9565611289086,-4.86327801622565
Qatar,QAT,2010,19.5921744776308,-2.42525675161714
Qatar,QAT,2011,13.3752345495477,1.13836623529202
Qatar,QAT,2012,4.73008513739958,2.31534853431661
Qatar,QAT,2013,5.55610364218512,3.22197756829293
Qatar,QAT,2014,5.33434159770252,3.34972085659523
Qatar,QAT,2015,4.75332372902957,1.8140772393776
Qatar,QAT,2016,3.06410503214877,2.6765917009819
Qatar,QAT,2017,-1.49756209084892,0.394878914083005
Qatar,QAT,2018,1.23483197031548,0.255815382724408
Qatar,QAT,2019,0.688255893930972,-0.666641124861147
Qatar,QAT,2020,-3.55750284254954,-2.5403150300476
Qatar,QAT,2021,1.62693587314129,2.30446565742003
Qatar,QAT,2022,4.18497018544697,4.99527553740761
Qatar,QAT,2023,1.53979117720789,3.02764899198902
Romania,ROU,2000,2.4612634592269,45.6665940440238
Romania,ROU,2001,5.21813625673708,34.4770123493527
Romania,ROU,2002,5.70299165043771,22.5398862605386
Romania,ROU,2003,2.34114732919521,15.2734889936255
Romania,ROU,2004,10.4281130180976,11.8743635936399
Romania,ROU,2005,4.6681480508487,9.01491283343835
Romania,ROU,2006,8.02881107599163,6.55851412276983
Romania,ROU,2007,7.23380774362805,4.83732928313989
Romania,ROU,2008,9.30746717077338,7.85080255714482
Romania,ROU,2009,-5.51670615843011,5.58742004264393
Romania,ROU,2010,-3.90581157302972,6.09141668601891
Romania,ROU,2011,4.49558909946313,5.7892532881588
Romania,ROU,2012,1.90361696799603,3.33492267693442
Romania,ROU,2013,0.278771877470234,3.9847123554813
Romania,ROU,2014,4.11600109267832,1.06830987684298
Romania,ROU,2015,3.1570360543854,-0.594156437495203
Romania,ROU,2016,2.85993252302089,-1.54479666813897
Romania,ROU,2017,8.19547826641261,1.3390212110439
Romania,ROU,2018,5.39452228185675,4.62548443137779
Romania,ROU,2019,3.96028958497598,3.82785432599438
Romania,ROU,2020,-3.59802546034757,2.63107311184743
Romania,ROU,2021,5.58735072538869,5.05232876096582
Romania,ROU,2022,4.18771305104109,13.7954887432521
Romania,ROU,2023,2.25773416555121,10.3971874764996
Russian Federation,RUS,2000,10.0000668136515,20.7987606558704
Russian Federation,RUS,2001,5.10005122572568,21.4770072117159
Russian Federation,RUS,2002,4.69999190914258,15.7887307914463
Russian Federation,RUS,2003,7.29995234528189,13.6632930228666
Russian Federation,RUS,2004,7.19994786954857,10.8886157326216
Russian Federation,RUS,2005,6.39996544799469,12.6853039507349
Russian Federation,RUS,2006,8.20006825456321,9.66865454789265
Russian Federation,RUS,2007,8.49997776916511,9.00729868861079
Russian Federation,RUS,2008,5.19996926404957,14.1107677840442
Russian Federation,RUS,2009,-7.79999391271275,11.6473295764118
Russian Federation,RUS,2010,4.49999999920672,6.84939230255025
Russian Federation,RUS,2011,4.30002918567749,8.4404648593257
Russian Federation,RUS,2012,4.02408615746921,5.07474300799149
Russian Federation,RUS,2013,1.75542214874298,6.75466833903486
Russian Federation,RUS,2014,0.736267221765672,7.82016970013845
Russian Federation,RUS,2015,-1.97271922580408,15.5343959935701
Russian Federation,RUS,2016,0.193690071260534,7.04243725413707
Russian Federation,RUS,2017,1.82579006401834,3.68333072334495
Russian Federation,RUS,2018,2.80724541059601,2.87831382614981
Russian Federation,RUS,2019,2.19807571335009,4.47202631837903
Russian Federation,RUS,2020,-2.65365450102773,3.38219796948068
Russian Federation,RUS,2021,5.86649177292595,6.69445891957612
Russian Federation,RUS,2022,-1.43588213859842,13.7436797398232
Russian Federation,RUS,2023,4.08252481259281,5.86571931748967
Rwanda,RWA,2000,8.37089593548548,3.89952980284712
Rwanda,RWA,2001,8.4845603416011,3.34285506749409
Rwanda,RWA,2002,13.1920736254262,1.99258542453993
Rwanda,RWA,2003,2.20238751139603,7.44970014007366
Rwanda,RWA,2004,7.44766737034072,12.2507102894391
Rwanda,RWA,2005,9.3778991673686,9.01408918092339
Rwanda,RWA,2006,9.22707576798881,8.88282654777923
Rwanda,RWA,2007,7.63329819125276,9.08072205873158
Rwanda,RWA,2008,11.1612473247323,15.4382138709255
Rwanda,RWA,2009,6.24825750620508,12.9443978401712
Rwanda,RWA,2010,7.33465645006753,-0.246128693436934
Rwanda,RWA,2011,7.95838869847094,3.0801706924026
Rwanda,RWA,2012,8.64150815836322,10.2710182318876
Rwanda,RWA,2013,4.71984856978263,5.92426867984854
Rwanda,RWA,2014,6.16716615166932,2.35449052820358
Rwanda,RWA,2015,8.8568555974538,2.52850284192421
Rwanda,RWA,2016,5.97074525431094,7.17434301982009
Rwanda,RWA,2017,3.91817093628465,8.27953672260832
Rwanda,RWA,2018,8.51646722592409,-0.311210160390699
Rwanda,RWA,2019,9.44738518613097,3.34787655037648
Rwanda,RWA,2020,-3.37368746369782,9.85039902274207
Rwanda,RWA,2021,10.8584320184896,-0.391346748300791
Rwanda,RWA,2022,8.16120720872912,17.6892095588153
Rwanda,RWA,2023,8.24990302014558,19.789546746467
Saudi Arabia,SAU,2000,4.71813422138024,-1.12499838517645
Saudi Arabia,SAU,2001,0.344593196175438,-1.12094804896791
Saudi Arabia,SAU,2002,-0.688390130317757,0.247186492339686
Saudi Arabia,SAU,2003,8.76873381743964,0.612195358172966
Saudi Arabia,SAU,2004,8.63100545880309,0.5155078977673
Saudi Arabia,SAU,2005,5.94489623934835,0.479231671630955
Saudi Arabia,SAU,2006,3.31348473625901,2.20902314069647
Saudi Arabia,SAU,2007,2.21365396372528,4.16782358431579
Saudi Arabia,SAU,2008,6.2379875365458,9.87024816760266
Saudi Arabia,SAU,2009,-1.06671711240203,5.0572227614833
Saudi Arabia,SAU,2010,5.0395150823517,5.33941733020905
Saudi Arabia,SAU,2011,11.758820686671,5.8262163739404
Saudi Arabia,SAU,2012,5.76157382270968,2.86627029905053
Saudi Arabia,SAU,2013,2.94563789152025,3.51104209799866
Saudi Arabia,SAU,2014,4.02467158380668,2.24185348779063
Saudi Arabia,SAU,2015,4.65512316652699,1.22269318552328
Saudi Arabia,SAU,2016,1.70404739202878,2.05347076823965
Saudi Arabia,SAU,2017,1.18210705878283,-0.834845735027162
Saudi Arabia,SAU,2018,3.2269508901591,2.46594308994843
Saudi Arabia,SAU,2019,1.65158925617395,-1.19298644533328
Saudi Arabia,SAU,2020,-3.80478901996312,3.37234961012303
Saudi Arabia,SAU,2021,6.51959698325419,3.06328988941548
Saudi Arabia,SAU,2022,12.0005874752929,2.47407371925372
Saudi Arabia,SAU,2023,0.542592439393161,2.32708518362706
Sudan,SDN,2000,6.34586743997545,7.12125897172291
Sudan,SDN,2001,6.50036053396883,1.93529572095333
Sudan,SDN,2002,6.0064715363132,22.2247241495905
Sudan,SDN,2003,6.28880816146516,6.48943208673338
Sudan,SDN,2004,5.14088851762675,9.65754628605945
Sudan,SDN,2005,5.64351551343631,8.50585075933117
Sudan,SDN,2006,6.5314117467792,7.19912990114709
Sudan,SDN,2007,5.73527423664484,14.7542770780084
Sudan,SDN,2008,3.84674473121058,14.2971224481434
Sudan,SDN,2009,-2.76770436599138,11.256758706301
Sudan,SDN,2010,3.85824195230107,12.9776663898014
Sudan,SDN,2011,-3.21353209253371,18.0966171221351
Sudan,SDN,2012,-17.0046884048945,35.5590574147024
Sudan,SDN,2013,1.95514463302422,36.5223449139154
Sudan,SDN,2014,4.66137954229873,36.9066427863595
Sudan,SDN,2015,1.91017689052751,16.9095706050977
Sudan,SDN,2016,3.46764218409288,17.750253831196
Sudan,SDN,2017,0.70925628476644,32.3516260968437
Sudan,SDN,2018,-2.6809305497999,63.2925073455888
Sudan,SDN,2019,-2.17825104530091,50.9940515002965
Sudan,SDN,2020,-3.62980082410752,163.257782355458
Sudan,SDN,2021,-1.8685204827207,359.093040778999
Sudan,SDN,2022,-0.957816591119183,138.80846024176
Sudan,SDN,2023,-29.4332718325149,
Senegal,SEN,2000,3.88721095816793,0.731981981981597
Senegal,SEN,2001,4.31085146618369,2.97450083919566
Senegal,SEN,2002,0.0686965747419066,2.33730187454299
Senegal,SEN,2003,5.59395094456143,-0.0519970242714495
Senegal,SEN,2004,4.64329393683312,0.514781781023016
Senegal,SEN,2005,4.31023852639633,1.71133325855502
Senegal,SEN,2006,2.33077098330239,2.11228583877117
Senegal,SEN,2007,2.82711920133374,5.85330428467681
Senegal,SEN,2008,3.70316906391386,7.34720236578406
Senegal,SEN,2009,2.75210448455053,-2.2480214785534
Senegal,SEN,2010,3.39088925336209,1.22868119673344
Senegal,SEN,2011,1.33409107961258,3.40322829786971
Senegal,SEN,2012,4.00299555090457,1.41822871177854
Senegal,SEN,2013,2.41238527605579,0.710245486695176
Senegal,SEN,2014,6.22407443790986,-1.09025507446895
Senegal,SEN,2015,6.36704365066983,0.135211933635165
Senegal,SEN,2016,6.35606857181878,0.837284942557434
Senegal,SEN,2017,7.4074861863013,1.31815314847789
Senegal,SEN,2018,6.20924103389086,0.460985642464188
Senegal,SEN,2019,4.61362809749708,1.76011151192939
Senegal,SEN,2020,1.3420737726679,2.54314685681662
Senegal,SEN,2021,6.54400109964304,2.18032278088147
Senegal,SEN,2022,3.85043193735768,9.69681899081073
Senegal,SEN,2023,4.2574308328029,5.93947798773215
Singapore,SGP,2000,9.03831632555163,1.36162392448456
Singapore,SGP,2001,-1.07086275100448,0.997197956155943
Singapore,SGP,2002,3.92336076702013,-0.391676866585049
Singapore,SGP,2003,4.54825542643229,0.507905300237551
Singapore,SGP,2004,9.93998268434957,1.66272719863072
Singapore,SGP,2005,7.36632239250758,0.425106276569107
Singapore,SGP,2006,9.00676607871758,0.965657519018511
Singapore,SGP,2007,9.02151951268893,2.10980166714574
Singapore,SGP,2008,1.86348345462035,6.63544058395309
Singapore,SGP,2009,0.127953382778088,0.589142019610516
Singapore,SGP,2010,14.5197497108994,2.82884527612958
Singapore,SGP,2011,6.21493416858989,5.25115624639373
Singapore,SGP,2012,4.43549759378537,4.58084479423094
Singapore,SGP,2013,4.81763099120676,2.36439793742726
Singapore,SGP,2014,3.93554027709007,1.03316955857629
Singapore,SGP,2015,2.97679931634806,-0.521975611895763
Singapore,SGP,2016,3.74757848792792,-0.529809760375464
Singapore,SGP,2017,4.47689915845876,0.576763191179996
Singapore,SGP,2018,3.4519759658687,0.438784215129623
Singapore,SGP,2019,1.30804118153127,0.567829988405447
Singapore,SGP,2020,-3.81470885510713,-0.172111865925382
Singapore,SGP,2021,9.7568044629903,2.31610315765146
Singapore,SGP,2022,4.10800021897151,6.13095418919732
Singapore,SGP,2023,1.82140694115385,4.83372362825798
Solomon Islands,SLB,2000,-14.2769995911797,7.88956186986721
Solomon Islands,SLB,2001,-7.95660610016238,6.92583732057426
Solomon Islands,SLB,2002,-2.79998288464981,10.9296341872692
Solomon Islands,SLB,2003,6.52346685055134,8.26946349334406
Solomon Islands,SLB,2004,7.68364102152745,6.98584202682567
Solomon Islands,SLB,2005,7.35907917681935,7.33066341633299
Solomon Islands,SLB,2006,4.13726239664898,11.2199870214146
Solomon Islands,SLB,2007,3.63973499569106,7.66602013484806
Solomon Islands,SLB,2008,6.22590636247851,17.3200651968774
Solomon Islands,SLB,2009,2.86486309630651,7.09271716876286
Solomon Islands,SLB,2010,9.70817235491481,1.05148163321038
Solomon Islands,SLB,2011,7.43023752099302,7.34270706018
Solomon Islands,SLB,2012,2.46591837712438,5.91200602491155
Solomon Islands,SLB,2013,5.23744704670068,5.3913638858756
Solomon Islands,SLB,2014,1.18945509547778,5.16590237925171
Solomon Islands,SLB,2015,1.67578612030815,-0.57446928635949
Solomon Islands,SLB,2016,5.55494348257992,0.512485626268792
Solomon Islands,SLB,2017,3.07546176144591,0.488686760261083
Solomon Islands,SLB,2018,2.74585244829055,3.46147484973729
Solomon Islands,SLB,2019,1.74925244485951,1.63485544012247
Solomon Islands,SLB,2020,-3.38125925839405,2.96354992076065
Solomon Islands,SLB,2021,-0.227975292792024,-0.115437894412839
Solomon Islands,SLB,2022,-2.58448361755723,5.51812928576938
Solomon Islands,SLB,2023,2.84111851154807,5.88585897042164
Sierra Leone,SLE,2000,6.65273028404766,
Sierra Leone,SLE,2001,-6.34545563328469,
Sierra Leone,SLE,2002,26.5241350674409,
Sierra Leone,SLE,2003,9.48363126885343,
Sierra Leone,SLE,2004,6.47884588417347,
Sierra Leone,SLE,2005,4.3534998069981,
Sierra Leone,SLE,2006,4.28311062264335,
Sierra Leone,SLE,2007,3.74975804751641,11.6499744518106
Sierra Leone,SLE,2008,3.68605969932123,8.21112432289608
Sierra Leone,SLE,2009,1.53080323958716,7.46901898540982
Sierra Leone,SLE,2010,6.35566595800495,7.18566275668163
Sierra Leone,SLE,2011,8.10065518714917,6.79138291952621
Sierra Leone,SLE,2012,10.578331663387,6.58776239392585
Sierra Leone,SLE,2013,14.6633238075229,5.52412877994266
Sierra Leone,SLE,2014,-7.81501512457241,4.63931171409667
Sierra Leone,SLE,2015,-4.36333262093788,6.68943562498681
Sierra Leone,SLE,2016,6.43743652764257,10.8860609413903
Sierra Leone,SLE,2017,3.20786087715987,18.2215094003386
Sierra Leone,SLE,2018,2.8938564123677,16.0295447693699
Sierra Leone,SLE,2019,5.50270937378153,14.8049990906021
Sierra Leone,SLE,2020,-1.2533490322766,13.4468711101052
Sierra Leone,SLE,2021,5.8968527047094,11.8739588840234
Sierra Leone,SLE,2022,5.3135546141915,27.2082883814653
Sierra Leone,SLE,2023,5.7100218981806,47.6428733253179
El Salvador,SLV,2000,1.12790697674419,2.27128756828723
El Salvador,SLV,2001,0.879613659882722,3.7508205747202
El Salvador,SLV,2002,1.57291844759789,1.86552503610077
El Salvador,SLV,2003,1.56539303147618,2.1203909173333
El Salvador,SLV,2004,0.889404485692197,4.45194392395045
El Salvador,SLV,2005,2.68083009363194,4.69094870903769
El Salvador,SLV,2006,4.3369986028604,4.03712359429612
El Salvador,SLV,2007,1.84760220587859,4.57808572377153
El Salvador,SLV,2008,2.15440298282768,6.70792293515939
El Salvador,SLV,2009,-2.10876837627522,1.05595029731201
El Salvador,SLV,2010,2.15419536693635,1.17933576873673
El Salvador,SLV,2011,3.77358499834686,5.1289237668161
El Salvador,SLV,2012,2.88770010188691,1.72973481581383
El Salvador,SLV,2013,2.18295232499635,0.757669184522973
El Salvador,SLV,2014,1.7293998423459,1.14134467538233
El Salvador,SLV,2015,2.40000008852115,-0.731384487387957
El Salvador,SLV,2016,2.53906241135864,0.60404908699661
El Salvador,SLV,2017,2.24761908134138,1.0123540331558
El Salvador,SLV,2018,2.4124442237792,1.09033000581892
El Salvador,SLV,2019,2.43747159065784,0.0753241350024612
El Salvador,SLV,2020,-7.893101359867,-0.371590212324095
El Salvador,SLV,2021,11.9047617015957,3.46692585313082
El Salvador,SLV,2022,2.95461516549889,7.19861615609867
El Salvador,SLV,2023,3.5391566928735,4.04554694222477
San Marino,SMR,2000,2.17937971500419,
San Marino,SMR,2001,5.57834290401968,
San Marino,SMR,2002,0.310800310800303,
San Marino,SMR,2003,3.87296669248644,
San Marino,SMR,2004,4.5488441461596,1.43083868527343
San Marino,SMR,2005,2.42510699001426,1.68548890528347
San Marino,SMR,2006,3.83008356545962,2.09525935611432
San Marino,SMR,2007,7.10932260228034,2.49894575725803
San Marino,SMR,2008,-0.500939261114581,4.29320249287704
San Marino,SMR,2009,-10.3209565764632,2.19959237046011
San Marino,SMR,2010,-5.47368421052632,2.58541815582587
San Marino,SMR,2011,-8.3147735708983,2.89979584300123
San Marino,SMR,2012,-7.04453441295546,2.8273322422258
San Marino,SMR,2013,-0.78397212543554,1.60439298078082
San Marino,SMR,2014,-0.702370500438988,1.11296303373851
San Marino,SMR,2015,2.29150556129265,0.145686073241066
San Marino,SMR,2016,2.34440586055426,0.644075340346552
San Marino,SMR,2017,0.258265466328027,1.01413313194508
San Marino,SMR,2018,1.49390531817373,1.16333522293158
San Marino,SMR,2019,2.06568514732739,0.472651967352852
San Marino,SMR,2020,-6.64791081780605,-0.133368898372915
San Marino,SMR,2021,13.8977895076234,1.61551411551421
San Marino,SMR,2022,7.89844145767604,5.32545321311365
San Marino,SMR,2023,0.401934896977224,5.93190858629403
"Somalia, Fed. Rep.",SOM,2000,7.11031431133226,
"Somalia, Fed. Rep.",SOM,2001,7.1103143114281,
"Somalia, Fed. Rep.",SOM,2002,7.63026729326369,
"Somalia, Fed. Rep.",SOM,2003,7.63026729340694,
"Somalia, Fed. Rep.",SOM,2004,7.11031431127853,
"Somalia, Fed. Rep.",SOM,2005,7.11031431132103,
"Somalia, Fed. Rep.",SOM,2006,6.48637073266447,
"Somalia, Fed. Rep.",SOM,2007,6.69435192557005,
"Somalia, Fed. Rep.",SOM,2008,6.69435192576573,
"Somalia, Fed. Rep.",SOM,2009,6.69435192557317,
"Somalia, Fed. Rep.",SOM,2010,6.69435192555878,
"Somalia, Fed. Rep.",SOM,2011,6.69435192565855,
"Somalia, Fed. Rep.",SOM,2012,6.69435192553358,
"Somalia, Fed. Rep.",SOM,2013,10.9592986164747,
"Somalia, Fed. Rep.",SOM,2014,8.97800590573206,
"Somalia, Fed. Rep.",SOM,2015,10.4621881235166,
"Somalia, Fed. Rep.",SOM,2016,7.03487260042048,
"Somalia, Fed. Rep.",SOM,2017,14.7357956045282,
"Somalia, Fed. Rep.",SOM,2018,2.05431507259452,
"Somalia, Fed. Rep.",SOM,2019,2.80033312513012,
"Somalia, Fed. Rep.",SOM,2020,-2.76455696202532,
"Somalia, Fed. Rep.",SOM,2021,3.44719850031242,
"Somalia, Fed. Rep.",SOM,2022,2.71821202053759,
"Somalia, Fed. Rep.",SOM,2023,4.17524257571303,
Serbia,SRB,2000,6.0550897288645,71.1206287946541
Serbia,SRB,2001,6.77852279368084,95.0052258100006
Serbia,SRB,2002,6.54104600309256,19.4908321579689
Serbia,SRB,2003,4.55968997935088,9.87617889729578
Serbia,SRB,2004,6.68686836863701,11.0263627183464
Serbia,SRB,2005,5.90349622935489,16.1199806482826
Serbia,SRB,2006,3.90066644620993,11.7240229980834
Serbia,SRB,2007,7.83207023027602,6.39170644391413
Serbia,SRB,2008,5.16089327231823,12.410986775178
Serbia,SRB,2009,-3.14261075416574,8.11695092238082
Serbia,SRB,2010,1.61097281449412,6.14255360247248
Serbia,SRB,2011,0.0542724836581954,11.1373976342129
Serbia,SRB,2012,-0.443956070983248,7.33038589596646
Serbia,SRB,2013,0.451578805330726,7.69426362896655
Serbia,SRB,2014,-1.80427041681132,2.08244793880154
Serbia,SRB,2015,1.2957386351958,1.39235822000187
Serbia,SRB,2016,2.97519807160826,1.12231397417769
Serbia,SRB,2017,2.3634031250553,3.13106248590115
Serbia,SRB,2018,4.64935035491007,1.95984076293801
Serbia,SRB,2019,4.75020793899014,1.84922984511086
Serbia,SRB,2020,-0.950023991851594,1.57553290083415
Serbia,SRB,2021,7.94905650472278,4.08510285335102
Serbia,SRB,2022,2.70347705543654,11.9815117344703
Serbia,SRB,2023,3.74793303561771,12.3719043552519
South Sudan,SSD,2000,,
South Sudan,SSD,2001,,
South Sudan,SSD,2002,,
South Sudan,SSD,2003,,
South Sudan,SSD,2004,,
South Sudan,SSD,2005,,
South Sudan,SSD,2006,,
South Sudan,SSD,2007,,
South Sudan,SSD,2008,,
South Sudan,SSD,2009,5.04164187983342,5.00627361534047
South Sudan,SSD,2010,5.49341639529945,1.16962180301108
South Sudan,SSD,2011,-4.64031673600859,46.8521757193597
South Sudan,SSD,2012,-46.0821223743007,45.5258978371706
South Sudan,SSD,2013,13.1297311406943,-0.0580909784225664
South Sudan,SSD,2014,3.37364847715736,1.6742990629552
South Sudan,SSD,2015,-10.7933646271143,52.7663304192143
South Sudan,SSD,2016,,379.999585624026
South Sudan,SSD,2017,,187.851630279442
South Sudan,SSD,2018,,83.5015294922
South Sudan,SSD,2019,,87.2413641500032
South Sudan,SSD,2020,,29.6758435538572
South Sudan,SSD,2021,,10.5167158294358
South Sudan,SSD,2022,,-6.68732094212668
South Sudan,SSD,2023,,2.38280434813754
Sao Tome and Principe,STP,2000,0.448368261692949,12.2089456308977
Sao Tome and Principe,STP,2001,3.06448295788719,9.22203707560889
Sao Tome and Principe,STP,2002,3.360188168222,10.128724672229
Sao Tome and Principe,STP,2003,8.29151946119818,9.79241974934509
Sao Tome and Principe,STP,2004,3.5379059435684,13.2858860871796
Sao Tome and Principe,STP,2005,6.61462475033599,17.1522049354354
Sao Tome and Principe,STP,2006,8.86610935944026,23.0770373451381
Sao Tome and Principe,STP,2007,3.64147185166024,18.5485136325779
Sao Tome and Principe,STP,2008,6.2287850696102,31.9901039492573
Sao Tome and Principe,STP,2009,3.30239966645061,16.9574758025945
Sao Tome and Principe,STP,2010,1.44845522890635,13.34005235378
Sao Tome and Principe,STP,2011,1.99943210333259,14.3271667616801
Sao Tome and Principe,STP,2012,2.94294277416023,10.6379353431628
Sao Tome and Principe,STP,2013,5.11967735428513,8.10583270875476
Sao Tome and Principe,STP,2014,4.90621048664867,6.99849943966421
Sao Tome and Principe,STP,2015,1.5397042826735,5.24587835022454
Sao Tome and Principe,STP,2016,5.17682468684113,5.43051966119156
Sao Tome and Principe,STP,2017,4.11297966281954,5.6902961992902
Sao Tome and Principe,STP,2018,4.37812808264972,7.86859628873909
Sao Tome and Principe,STP,2019,2.01431672129407,7.72024525213248
Sao Tome and Principe,STP,2020,2.62485949543812,9.81932791540146
Sao Tome and Principe,STP,2021,1.89929891337832,8.13777038378732
Sao Tome and Principe,STP,2022,0.168698492216564,18.0056351122841
Sao Tome and Principe,STP,2023,0.372252775001456,21.2589138473
Suriname,SUR,2000,2.09999886750489,59.401686545079
Suriname,SUR,2001,4.20000042083539,38.5862878872611
Suriname,SUR,2002,2.80000068850687,15.5273989185702
Suriname,SUR,2003,6.29999943314137,23.0022321778219
Suriname,SUR,2004,8.50000018479413,9.98632511974878
Suriname,SUR,2005,4.50000021086888,9.89800489561465
Suriname,SUR,2006,5.79354358463304,11.2813043273975
Suriname,SUR,2007,5.11148777773458,6.42627934470524
Suriname,SUR,2008,4.14340681165626,14.6671427437912
Suriname,SUR,2009,3.01369898266211,-0.133636646714877
Suriname,SUR,2010,5.16882515225814,6.94108221639996
Suriname,SUR,2011,5.84936767173009,17.7117796414558
Suriname,SUR,2012,2.69034974668847,5.00686319367273
Suriname,SUR,2013,2.9334416518612,1.92343604108305
Suriname,SUR,2014,0.255503031645475,3.38341272749477
Suriname,SUR,2015,-3.41304268067621,6.89390359168238
Suriname,SUR,2016,-4.91166050905851,55.4123879763196
Suriname,SUR,2017,1.56603782534897,21.9969430173304
Suriname,SUR,2018,4.94827108468886,
Suriname,SUR,2019,1.16758977233877,
Suriname,SUR,2020,-15.9751917148622,34.889784309078
Suriname,SUR,2021,-2.43538583612838,59.1196626251977
Suriname,SUR,2022,2.40622235601218,52.446027276241
Suriname,SUR,2023,2.41659223498058,51.5873159600861
Slovak Republic,SVK,2000,0.78922447792516,12.0357805974299
Slovak Republic,SVK,2001,2.92516077248489,7.3296201911553
Slovak Republic,SVK,2002,4.41725348271514,3.12714222984608
Slovak Republic,SVK,2003,4.85669851591319,8.55414305406645
Slovak Republic,SVK,2004,5.38949856996771,7.54850088183423
Slovak Republic,SVK,2005,6.48493222274386,2.70908494588384
Slovak Republic,SVK,2006,8.92568704770216,4.48333120449611
Slovak Republic,SVK,2007,10.8186295074904,2.7567237163814
Slovak Republic,SVK,2008,5.36337721231949,4.59817976325028
Slovak Republic,SVK,2009,-5.50533790972226,1.61510464058238
Slovak Republic,SVK,2010,6.79058159142423,0.957018132975143
Slovak Republic,SVK,2011,2.56242473215553,3.9192859914629
Slovak Republic,SVK,2012,1.56917104702706,3.6061026352289
Slovak Republic,SVK,2013,0.703323545247201,1.40047368963025
Slovak Republic,SVK,2014,2.70795151449488,-0.0761653295419871
Slovak Republic,SVK,2015,5.17687909722133,-0.325219777427673
Slovak Republic,SVK,2016,1.94781841524558,-0.520010196278266
Slovak Republic,SVK,2017,2.87473327453695,1.31194588223228
Slovak Republic,SVK,2018,4.06211981896483,2.51403712883812
Slovak Republic,SVK,2019,2.27589910019393,2.66456133425431
Slovak Republic,SVK,2020,-2.58551241733207,1.93694126694223
Slovak Republic,SVK,2021,5.6558588065555,3.14960629921268
Slovak Republic,SVK,2022,0.544591632137454,12.7741463637611
Slovak Republic,SVK,2023,2.11263633214959,10.5319476645211
Slovenia,SVN,2000,3.49791942086068,8.91174418658769
Slovenia,SVN,2001,2.82868479430465,8.37966587492204
Slovenia,SVN,2002,3.28258371393918,7.48077770703754
Slovenia,SVN,2003,3.19503117236037,5.54416421752901
Slovenia,SVN,2004,4.54602214352336,3.59297594249509
Slovenia,SVN,2005,3.8541277114569,2.45150132316475
Slovenia,SVN,2006,5.90878130011174,2.45792444195865
Slovenia,SVN,2007,7.1392312914716,3.65749563284099
Slovenia,SVN,2008,3.37223866114127,5.64742380573935
Slovenia,SVN,2009,-7.59058614046387,0.839262246793887
Slovenia,SVN,2010,1.11213719306735,1.80117022137134
Slovenia,SVN,2011,0.655438128379743,1.8028517194191
Slovenia,SVN,2012,-2.91553782040462,2.59741386039003
Slovenia,SVN,2013,-0.823776417691676,1.76920085881907
Slovenia,SVN,2014,2.76283327639742,0.19934382657075
Slovenia,SVN,2015,2.39330621338168,-0.525552285820877
Slovenia,SVN,2016,3.03441486663654,-0.054999541670474
Slovenia,SVN,2017,5.17440215579958,1.42910743319306
Slovenia,SVN,2018,4.37908347331195,1.7386086198818
Slovenia,SVN,2019,3.50525332381912,1.63052260754344
Slovenia,SVN,2020,-4.08500094942896,-0.05485681576061
Slovenia,SVN,2021,8.41686457725321,1.91706506089259
Slovenia,SVN,2022,2.66850555542486,8.83369886749452
Slovenia,SVN,2023,2.3758326648385,7.44687717385838
Sweden,SWE,2000,4.63112136551369,0.899143734041715
Sweden,SWE,2001,1.36080642694121,2.40595834145436
Sweden,SWE,2002,2.27772867861897,2.15848213589266
Sweden,SWE,2003,1.88102769675844,1.92565534892383
Sweden,SWE,2004,4.17958419343711,0.373659828721824
Sweden,SWE,2005,2.79313782840156,0.453170852576138
Sweden,SWE,2006,4.67607488877992,1.36021468627693
Sweden,SWE,2007,3.22486814096095,2.21216883436733
Sweden,SWE,2008,-0.923113250067971,3.43704910602875
Sweden,SWE,2009,-4.25561384207619,-0.494460544378051
Sweden,SWE,2010,5.75076477579255,1.15798802715626
Sweden,SWE,2011,3.16388567406926,2.9611507382214
Sweden,SWE,2012,-0.414397702454409,0.888377506923735
Sweden,SWE,2013,1.13766671801426,-0.044292970148682
Sweden,SWE,2014,2.29577238758284,-0.179638494114635
Sweden,SWE,2015,4.38824673608589,-0.0467847449832812
Sweden,SWE,2016,2.13117914731151,0.984269244577992
Sweden,SWE,2017,1.88282184966646,1.79449904665599
Sweden,SWE,2018,1.7702553546772,1.95353530127028
Sweden,SWE,2019,2.60823012869524,1.78415097403835
Sweden,SWE,2020,-1.93379704032216,0.497367318853572
Sweden,SWE,2021,5.2258643028773,2.16319736447143
Sweden,SWE,2022,1.25543620445816,8.36929098869189
Sweden,SWE,2023,-0.204061304891439,8.5486248974891
Eswatini,SWZ,2000,1.76017342169806,12.2085358545844
Eswatini,SWZ,2001,1.41221393287066,5.94210982281648
Eswatini,SWZ,2002,4.0886479398829,12.0197154699232
Eswatini,SWZ,2003,4.53865525672528,7.28999999999999
Eswatini,SWZ,2004,3.61711931922247,3.44533507316614
Eswatini,SWZ,2005,5.99228289096037,4.77400404553712
Eswatini,SWZ,2006,6.72880946564094,5.30463946338728
Eswatini,SWZ,2007,4.31772144872362,8.07608827861589
Eswatini,SWZ,2008,1.44055358727118,12.6574601863915
Eswatini,SWZ,2009,1.43311134247756,7.44823423445754
Eswatini,SWZ,2010,3.82443487429767,4.50923691774369
Eswatini,SWZ,2011,1.83973625916165,6.10742714590251
Eswatini,SWZ,2012,4.09048190124592,8.93964682788212
Eswatini,SWZ,2013,4.09458522119226,5.62130623468948
Eswatini,SWZ,2014,2.05738179246586,5.68134885776447
Eswatini,SWZ,2015,1.70425806017289,4.95124493704919
Eswatini,SWZ,2016,2.94916821059911,7.8472745908568
Eswatini,SWZ,2017,3.52095345987983,6.22137528933118
Eswatini,SWZ,2018,0.0653956557843571,4.81506167461513
Eswatini,SWZ,2019,6.43186888691574,2.59801620311077
Eswatini,SWZ,2020,-2.95183453409287,
Eswatini,SWZ,2021,4.23621913615419,
Eswatini,SWZ,2022,0.386070835562705,
Eswatini,SWZ,2023,3.53257662836211,
Sint Maarten (Dutch part),SXM,2000,,
Sint Maarten (Dutch part),SXM,2001,,
Sint Maarten (Dutch part),SXM,2002,,
Sint Maarten (Dutch part),SXM,2003,,
Sint Maarten (Dutch part),SXM,2004,,
Sint Maarten (Dutch part),SXM,2005,,
Sint Maarten (Dutch part),SXM,2006,,0.300601202404805
Sint Maarten (Dutch part),SXM,2007,,4.43245754245754
Sint Maarten (Dutch part),SXM,2008,,-0.417929020080758
Sint Maarten (Dutch part),SXM,2009,,5.95763688760801
Sint Maarten (Dutch part),SXM,2010,3.19999269219366,1.33857621672882
Sint Maarten (Dutch part),SXM,2011,4.60000341415395,4.58475435650401
Sint Maarten (Dutch part),SXM,2012,1.39054456773131,4.01518421081576
Sint Maarten (Dutch part),SXM,2013,1.30673103459678,2.5286478853837
Sint Maarten (Dutch part),SXM,2014,1.58038221539113,1.88675466275266
Sint Maarten (Dutch part),SXM,2015,0.105813149997005,0.330027165141066
Sint Maarten (Dutch part),SXM,2016,0.96775836306881,0.111682655737579
Sint Maarten (Dutch part),SXM,2017,-7.53521399882428,2.19201010962985
Sint Maarten (Dutch part),SXM,2018,-6.85698299227944,
Sint Maarten (Dutch part),SXM,2019,10.9650009352392,
Sint Maarten (Dutch part),SXM,2020,-13.3167887221567,
Sint Maarten (Dutch part),SXM,2021,4.57759677933345,
Sint Maarten (Dutch part),SXM,2022,13.9,
Sint Maarten (Dutch part),SXM,2023,3.8,
Seychelles,SYC,2000,4.25319834931828,6.26876876876878
Seychelles,SYC,2001,-2.27116288552982,5.96962204168156
Seychelles,SYC,2002,1.21283290259314,0.174999999999924
Seychelles,SYC,2003,-5.88712848764477,3.30255386407089
Seychelles,SYC,2004,-2.8504539768538,3.85730391367399
Seychelles,SYC,2005,9.0057617374238,0.907187718073944
Seychelles,SYC,2006,9.40612855732827,-0.353465498693756
Seychelles,SYC,2007,8.87606645570879,5.32060027285142
Seychelles,SYC,2008,-2.72594626154864,36.9647582875289
Seychelles,SYC,2009,-2.47937594726137,31.7544407744178
Seychelles,SYC,2010,4.50513204312067,-2.40463875108227
Seychelles,SYC,2011,9.5097833517957,2.55926772230953
Seychelles,SYC,2012,3.1106784939243,7.11037062326403
Seychelles,SYC,2013,1.25373496242949,4.33893848329099
Seychelles,SYC,2014,4.0636918123521,1.38583454581263
Seychelles,SYC,2015,8.9140088750469,4.04194410725617
Seychelles,SYC,2016,12.1175272453913,-1.01548191697626
Seychelles,SYC,2017,6.95416218794271,2.85679575568437
Seychelles,SYC,2018,4.93947272254312,3.70291839111568
Seychelles,SYC,2019,5.5142920737342,1.80709400809982
Seychelles,SYC,2020,-11.7398608281732,1.20266463987123
Seychelles,SYC,2021,0.552281631207279,9.76909936973542
Seychelles,SYC,2022,12.7104688902836,2.6260363285129
Seychelles,SYC,2023,2.25925322283285,-1.03530088431952
Syrian Arab Republic,SYR,2000,0.675642589410501,-3.84615384615379
Syrian Arab Republic,SYR,2001,1.04728710191981,2.99999999999995
Syrian Arab Republic,SYR,2002,3.95483192702744,-0.130505282417402
Syrian Arab Republic,SYR,2003,7.20443505274413,5.79682944905841
Syrian Arab Republic,SYR,2004,6.90295943489203,4.43314136719839
Syrian Arab Republic,SYR,2005,6.21507783539282,7.24034939348535
Syrian Arab Republic,SYR,2006,5.04619555585526,10.0241105377571
Syrian Arab Republic,SYR,2007,5.67459177685805,3.90770950443607
Syrian Arab Republic,SYR,2008,4.47667273608019,15.7453252219709
Syrian Arab Republic,SYR,2009,5.91204279337705,2.92089711805367
Syrian Arab Republic,SYR,2010,5.19190584075331,4.3974138315007
Syrian Arab Republic,SYR,2011,2.8500028435797,4.7531638888563
Syrian Arab Republic,SYR,2012,-26.3390170772532,36.7022953364139
Syrian Arab Republic,SYR,2013,-26.3000876615061,40.0318378290723
Syrian Arab Republic,SYR,2014,-10.310339909053,10.9271141804297
Syrian Arab Republic,SYR,2015,-4.179791613232,38.4611429599733
Syrian Arab Republic,SYR,2016,-6.4055907393619,47.7051615298923
Syrian Arab Republic,SYR,2017,-0.723281777470547,18.0752696281771
Syrian Arab Republic,SYR,2018,1.39317607830837,0.940983843906769
Syrian Arab Republic,SYR,2019,1.22070522070523,13.4175653228571
Syrian Arab Republic,SYR,2020,-0.697154504235129,
Syrian Arab Republic,SYR,2021,1.85421590064124,
Syrian Arab Republic,SYR,2022,0.732781301861365,
Syrian Arab Republic,SYR,2023,,
Turks and Caicos Islands,TCA,2000,,
Turks and Caicos Islands,TCA,2001,,
Turks and Caicos Islands,TCA,2002,,
Turks and Caicos Islands,TCA,2003,,
Turks and Caicos Islands,TCA,2004,,
Turks and Caicos Islands,TCA,2005,,
Turks and Caicos Islands,TCA,2006,,
Turks and Caicos Islands,TCA,2007,,
Turks and Caicos Islands,TCA,2008,8.27189312486149,
Turks and Caicos Islands,TCA,2009,-19.5502467595022,
Turks and Caicos Islands,TCA,2010,0.984924853810682,
Turks and Caicos Islands,TCA,2011,4.62049892978239,
Turks and Caicos Islands,TCA,2012,-2.66655562053364,
Turks and Caicos Islands,TCA,2013,1.07088049554032,
Turks and Caicos Islands,TCA,2014,8.71129580824217,
Turks and Caicos Islands,TCA,2015,11.3148293929929,
Turks and Caicos Islands,TCA,2016,7.25118627570265,
Turks and Caicos Islands,TCA,2017,74.5879880544188,
Turks and Caicos Islands,TCA,2018,6.75264845178367,
Turks and Caicos Islands,TCA,2019,4.98170549382992,
Turks and Caicos Islands,TCA,2020,-33.8170973434652,
Turks and Caicos Islands,TCA,2021,29.6293781722414,
Turks and Caicos Islands,TCA,2022,14.0871234168153,
Turks and Caicos Islands,TCA,2023,13.7311481139228,
Chad,TCD,2000,-0.879681024403922,3.82260088086306
Chad,TCD,2001,11.6581346546737,12.4312865279941
Chad,TCD,2002,8.49120981920397,5.19181895195446
Chad,TCD,2003,14.7216670128899,-1.75256941248655
Chad,TCD,2004,33.6293718505196,-5.35540028884816
Chad,TCD,2005,17.3325337353466,7.89036567462993
Chad,TCD,2006,-0.542829570704413,8.03628897951331
Chad,TCD,2007,4.20017418206496,-8.9747396200927
Chad,TCD,2008,3.08119033861925,10.2969758221254
Chad,TCD,2009,-1.40828262674047,9.95242290748864
Chad,TCD,2010,13.6738272741836,-2.07786574641866
Chad,TCD,2011,4.49542966941512,2.0292405367826
Chad,TCD,2012,9.0618039227671,7.51662364663833
Chad,TCD,2013,2.83821524768997,0.222671564624551
Chad,TCD,2014,2.06283074347695,1.6819731392567
Chad,TCD,2015,3.30415979759636,4.37712665065654
Chad,TCD,2016,-4.12250332670322,-0.792440525236102
Chad,TCD,2017,-1.61746922760291,-1.5370996298084
Chad,TCD,2018,5.74111580758154,4.27462198610545
Chad,TCD,2019,5.3828220290379,-0.971939175419401
Chad,TCD,2020,-0.393646583111035,4.46414437232861
Chad,TCD,2021,0.29344264815208,-0.77284437035914
Chad,TCD,2022,4.12969897676332,5.78802687843616
Chad,TCD,2023,3.98004368401293,10.8363568399843
Togo,TGO,2000,-0.783479610048047,1.86260595463067
Togo,TGO,2001,0.823438752111855,3.91959133653146
Togo,TGO,2002,3.82662257675142,3.05981857535884
Togo,TGO,2003,6.72017142336034,-0.930000884072214
Togo,TGO,2004,-0.978665332738743,0.393078681031669
Togo,TGO,2005,-4.66629938413338,6.78292893028314
Togo,TGO,2006,2.65013209943473,2.22897779414027
Togo,TGO,2007,-1.1751368996605,0.945673271705214
Togo,TGO,2008,4.03561315398862,8.69482814363902
Togo,TGO,2009,5.45381096920332,3.71360592035809
Togo,TGO,2010,5.85433399076879,1.44594517430864
Togo,TGO,2011,5.82325622135289,3.5635147290396
Togo,TGO,2012,6.30271426865185,2.57718174055848
Togo,TGO,2013,5.82425069283059,1.82539475909162
Togo,TGO,2014,5.63323739145223,0.19087507624975
Togo,TGO,2015,5.4680413807304,2.58500390801595
Togo,TGO,2016,4.21490387414525,1.28544847051417
Togo,TGO,2017,4.00791259566937,-0.981889868943119
Togo,TGO,2018,4.79518333086139,0.927755426457183
Togo,TGO,2019,4.92283321360694,0.674652770077525
Togo,TGO,2020,2.16228657424364,1.69928463299399
Togo,TGO,2021,5.12890113701732,4.1862150652352
Togo,TGO,2022,6.29443692019429,7.96757361617945
Togo,TGO,2023,6.19211576941919,5.48928568141131
Thailand,THA,2000,4.45524704335014,1.59196917460972
Thailand,THA,2001,3.44424900968372,1.62690887314091
Thailand,THA,2002,6.14903605210036,0.697308976625449
Thailand,THA,2003,7.18924330340971,1.80434994635721
Thailand,THA,2004,6.28934214285795,2.7591492623108
Thailand,THA,2005,4.18763842884337,4.54036919634535
Thailand,THA,2006,4.96781089246107,4.63747436011765
Thailand,THA,2007,5.43515169050809,2.24154095286803
Thailand,THA,2008,1.72569884866334,5.46848949649845
Thailand,THA,2009,-0.690618232300579,-0.845716092316721
Thailand,THA,2010,7.51339053261624,3.24758842443723
Thailand,THA,2011,0.840132083053334,3.80879058139634
Thailand,THA,2012,7.24279620249642,3.01489950334985
Thailand,THA,2013,2.68749556320556,2.18488618530687
Thailand,THA,2014,0.984468863619426,1.8951418189878
Thailand,THA,2015,3.13404724911635,-0.900424963291569
Thailand,THA,2016,3.43515771692182,0.188149704448143
Thailand,THA,2017,4.1776810321001,0.665631893135106
Thailand,THA,2018,4.22287028746071,1.06389754183024
Thailand,THA,2019,2.11455779628278,0.706728601314311
Thailand,THA,2020,-6.05003846851622,-0.845937147357041
Thailand,THA,2021,1.55216608426647,1.23039541318384
Thailand,THA,2022,2.58037874709827,-1.61068030486688
Thailand,THA,2023,2.01775095328327,8.47805174421543
Tajikistan,TJK,2000,8.32432449473859,
Tajikistan,TJK,2001,9.58083617842951,38.59188944886
Tajikistan,TJK,2002,10.8000037591665,12.2499847845885
Tajikistan,TJK,2003,10.9999990780572,16.3034912049491
Tajikistan,TJK,2004,10.2999989410117,7.14196508692253
Tajikistan,TJK,2005,6.69999851655409,7.09193244083773
Tajikistan,TJK,2006,7.00000321108996,10.0108651886461
Tajikistan,TJK,2007,7.80000011872161,13.1491247062982
Tajikistan,TJK,2008,7.89999827154939,20.4705219109964
Tajikistan,TJK,2009,3.90000114826496,6.44823481066697
Tajikistan,TJK,2010,6.49999908585235,6.44531440780658
Tajikistan,TJK,2011,7.40000059956709,12.4315490430406
Tajikistan,TJK,2012,7.49999946321525,5.83116601031462
Tajikistan,TJK,2013,7.39999974700379,5.00964645344951
Tajikistan,TJK,2014,6.70000069016253,6.10442765129667
Tajikistan,TJK,2015,6.01930331771186,5.7145594964971
Tajikistan,TJK,2016,6.89999999999999,6.00458082322139
Tajikistan,TJK,2017,7.10000041864309,
Tajikistan,TJK,2018,7.5999988895536,
Tajikistan,TJK,2019,7.40000016310556,
Tajikistan,TJK,2020,4.40000111553493,
Tajikistan,TJK,2021,9.39999955037523,
Tajikistan,TJK,2022,8.00000033846364,
Tajikistan,TJK,2023,8.29999921651935,
Turkmenistan,TKM,2000,5.46906413252854,
Turkmenistan,TKM,2001,4.34384571432727,
Turkmenistan,TKM,2002,0.257179925006284,
Turkmenistan,TKM,2003,3.26882855955344,
Turkmenistan,TKM,2004,5.00040743766748,
Turkmenistan,TKM,2005,13.034034870022,
Turkmenistan,TKM,2006,10.9733083254017,
Turkmenistan,TKM,2007,11.05929947045,
Turkmenistan,TKM,2008,14.7,
Turkmenistan,TKM,2009,6.10000011485643,
Turkmenistan,TKM,2010,9.19999998805483,
Turkmenistan,TKM,2011,14.6999999278723,
Turkmenistan,TKM,2012,11.0999999615545,
Turkmenistan,TKM,2013,10.200000101399,
Turkmenistan,TKM,2014,10.2999999705459,
Turkmenistan,TKM,2015,6.49999990951666,
Turkmenistan,TKM,2016,6.1999999664301,
Turkmenistan,TKM,2017,6.50000004682975,
Turkmenistan,TKM,2018,6.19999994137119,
Turkmenistan,TKM,2019,6.30000004226711,
Turkmenistan,TKM,2020,5.900000048526,
Turkmenistan,TKM,2021,6.20000001747076,
Turkmenistan,TKM,2022,6.19999993621698,
Turkmenistan,TKM,2023,6.30015758549871,
Timor-Leste,TLS,2000,58.078100510636,
Timor-Leste,TLS,2001,16.3476915812463,
Timor-Leste,TLS,2002,-6.7006946888999,
Timor-Leste,TLS,2003,-2.18226723759027,7.16515891441839
Timor-Leste,TLS,2004,0.400000000000006,3.23751394003321
Timor-Leste,TLS,2005,2.9845905125044,1.11167400387198
Timor-Leste,TLS,2006,-4.11609279328982,3.93616259929866
Timor-Leste,TLS,2007,10.2653784307473,10.3009020174895
Timor-Leste,TLS,2008,11.3948084309167,9.06423621948942
Timor-Leste,TLS,2009,10.146951414355,0.669681185965433
Timor-Leste,TLS,2010,9.33149806305823,6.76597680236481
Timor-Leste,TLS,2011,5.95855501570803,13.499840238577
Timor-Leste,TLS,2012,4.86062134121768,11.8003096701544
Timor-Leste,TLS,2013,3.10436980963603,11.0849085109954
Timor-Leste,TLS,2014,4.47249922937381,0.726275016139465
Timor-Leste,TLS,2015,2.48003785368208,0.552796026277853
Timor-Leste,TLS,2016,3.00993358093274,-1.33853876185163
Timor-Leste,TLS,2017,-3.18241515376397,0.557215537430361
Timor-Leste,TLS,2018,-0.466502371512661,2.63647201015892
Timor-Leste,TLS,2019,24.2128789232326,0.958812739703141
Timor-Leste,TLS,2020,31.7257429812373,0.495499215459571
Timor-Leste,TLS,2021,5.36980163959615,3.69792094666786
Timor-Leste,TLS,2022,-20.5224785561874,7.00530945399787
Timor-Leste,TLS,2023,-18.135905003556,8.42035103310377
Tonga,TON,2000,3.75409745006452,6.32763551411155
Tonga,TON,2001,1.49248125545273,8.2902831885033
Tonga,TON,2002,4.4292235994526,10.3590607918507
Tonga,TON,2003,0.0518054450729011,11.6386219580735
Tonga,TON,2004,-1.96794740326561,10.9734053679554
Tonga,TON,2005,-0.657650703495165,8.66569221131751
Tonga,TON,2006,-2.16566342680382,6.14911606456575
Tonga,TON,2007,-2.46430779100223,5.84224874901387
Tonga,TON,2008,4.86284132376997,10.4469875128222
Tonga,TON,2009,-5.12917819150532,1.42685972070534
Tonga,TON,2010,0.824396914081831,3.53491239189831
Tonga,TON,2011,6.70369746238768,6.27075302995691
Tonga,TON,2012,0.919761024923076,1.14753853706055
Tonga,TON,2013,0.393922530137331,0.77562932236742
Tonga,TON,2014,1.99053625497055,2.51087633253706
Tonga,TON,2015,1.11374405685874,-1.05399831971283
Tonga,TON,2016,6.59870436118344,2.57815515245081
Tonga,TON,2017,3.2023165092282,7.51706283551115
Tonga,TON,2018,0.527827266310538,5.03209691984874
Tonga,TON,2019,-0.285208794735084,1.17954334821808
Tonga,TON,2020,1.80618735341196,-0.349737696727496
Tonga,TON,2021,-0.934926303735025,5.64051140636751
Tonga,TON,2022,-2.12854452405193,10.9713652903022
Tonga,TON,2023,2.79014366862668,6.35112980255189
Trinidad and Tobago,TTO,2000,6.90135959072803,3.55541319666877
Trinidad and Tobago,TTO,2001,4.16852398185424,5.536653263223
Trinidad and Tobago,TTO,2002,7.93670968715332,4.1500586166472
Trinidad and Tobago,TTO,2003,14.4409895389734,3.8111062439687
Trinidad and Tobago,TTO,2004,7.95005151069972,3.72154938995965
Trinidad and Tobago,TTO,2005,6.20893787954175,6.87453459583516
Trinidad and Tobago,TTO,2006,13.2080586051735,8.32960351465347
Trinidad and Tobago,TTO,2007,4.75420970092722,7.89438834757299
Trinidad and Tobago,TTO,2008,3.39173707807387,12.0303445477177
Trinidad and Tobago,TTO,2009,-4.3917292474614,6.97808725251547
Trinidad and Tobago,TTO,2010,3.32322471027371,10.5492003179988
Trinidad and Tobago,TTO,2011,-0.294354409043763,5.1071328926456
Trinidad and Tobago,TTO,2012,6.71074625448722,9.26028137068292
Trinidad and Tobago,TTO,2013,3.36819291689019,5.19981740465611
Trinidad and Tobago,TTO,2014,3.67086851032413,5.68441814595659
Trinidad and Tobago,TTO,2015,-0.406283288730492,4.66121598098264
Trinidad and Tobago,TTO,2016,-7.53636305379372,3.07066742464024
Trinidad and Tobago,TTO,2017,-4.87274946918724,1.88038440183532
Trinidad and Tobago,TTO,2018,-0.945449700943314,1.01856930188822
Trinidad and Tobago,TTO,2019,0.467734528855885,1.00054293027237
Trinidad and Tobago,TTO,2020,-8.78879817831519,0.598986330824643
Trinidad and Tobago,TTO,2021,-0.716740625909793,2.05922746915458
Trinidad and Tobago,TTO,2022,0.86126082651883,5.82838638517959
Trinidad and Tobago,TTO,2023,1.46645947294053,4.62930242419968
Tunisia,TUN,2000,4.7099729138049,2.96230794738605
Tunisia,TUN,2001,3.79627166202512,1.98333333333337
Tunisia,TUN,2002,1.32255714828946,2.72103284850455
Tunisia,TUN,2003,4.70239953285241,2.71259247474352
Tunisia,TUN,2004,6.23579072222647,3.63228004956625
Tunisia,TUN,2005,3.4865455430439,2.01778641357144
Tunisia,TUN,2006,5.24409983246916,3.22525337438917
Tunisia,TUN,2007,6.70952097453554,2.96694432477349
Tunisia,TUN,2008,4.23778147502819,4.34502807623045
Tunisia,TUN,2009,3.04345012371552,3.66490330642919
Tunisia,TUN,2010,2.97113275066512,3.33897963601069
Tunisia,TUN,2011,-2.04663389535644,3.24002842009531
Tunisia,TUN,2012,4.21667711535632,4.6118443220664
Tunisia,TUN,2013,2.42993096446429,5.31623531326689
Tunisia,TUN,2014,3.09032803070775,4.62555099534031
Tunisia,TUN,2015,0.967834205635981,4.437371273215
Tunisia,TUN,2016,1.117231963992,3.62939937384381
Tunisia,TUN,2017,2.25261437620587,5.30884839565844
Tunisia,TUN,2018,2.60696965356362,7.30759176031652
Tunisia,TUN,2019,1.55009304966742,6.72007532863799
Tunisia,TUN,2020,-8.97512622934723,5.63415115897625
Tunisia,TUN,2021,4.73603648206102,5.706350208307
Tunisia,TUN,2022,2.75228761004381,8.30646124447623
Tunisia,TUN,2023,0.184015548469745,9.32899597507865
Turkiye,TUR,2000,6.98528697817062,54.9153705812683
Turkiye,TUR,2001,-5.45940838563062,54.4001887619074
Turkiye,TUR,2002,6.43550883793114,44.964120947985
Turkiye,TUR,2003,5.79909321038525,21.6024384490573
Turkiye,TUR,2004,9.92540551918624,8.59826168115262
Turkiye,TUR,2005,9.11157745861635,8.17916036802008
Turkiye,TUR,2006,7.06762607623939,9.59724212288446
Turkiye,TUR,2007,5.10818513903604,8.75618090972632
Turkiye,TUR,2008,0.920118221365883,10.4441283764885
Turkiye,TUR,2009,-4.88269401706633,6.25097663090626
Turkiye,TUR,2010,8.54219848467686,8.56644420552976
Turkiye,TUR,2011,10.9799625273598,6.471879671151
Turkiye,TUR,2012,4.80762696633448,8.89156996512163
Turkiye,TUR,2013,8.48825689298511,7.49309030547693
Turkiye,TUR,2014,4.60079447270559,8.85457271364316
Turkiye,TUR,2015,5.80557386628684,7.67085364845885
Turkiye,TUR,2016,3.32366508200445,7.7751341532833
Turkiye,TUR,2017,7.82585730002594,11.1443110840764
Turkiye,TUR,2018,3.46815306092219,16.3324638988929
Turkiye,TUR,2019,1.30162365464503,15.1768215720022
Turkiye,TUR,2020,1.80306247087255,12.2789574462574
Turkiye,TUR,2021,11.811094450607,19.5964926913324
Turkiye,TUR,2022,5.44122511322401,72.3088359891207
Turkiye,TUR,2023,5.04512369812289,53.8594087593315
Tuvalu,TUV,2000,-0.970489205783323,
Tuvalu,TUV,2001,0.0,
Tuvalu,TUV,2002,9.52380952380953,
Tuvalu,TUV,2003,-4.34782608695652,
Tuvalu,TUV,2004,-2.27272727272727,
Tuvalu,TUV,2005,-4.65116279069767,
Tuvalu,TUV,2006,2.4390243902439,
Tuvalu,TUV,2007,7.14285714285714,
Tuvalu,TUV,2008,6.66666666666667,
Tuvalu,TUV,2009,-6.25,
Tuvalu,TUV,2010,-2.22222222222223,
Tuvalu,TUV,2011,6.81818181818181,0.5005807431527
Tuvalu,TUV,2012,-2.12765957446808,
Tuvalu,TUV,2013,4.34782608695652,
Tuvalu,TUV,2014,0.0,
Tuvalu,TUV,2015,10.4166666666667,
Tuvalu,TUV,2016,5.66037735849056,
Tuvalu,TUV,2017,2.44839285714286,
Tuvalu,TUV,2018,1.38728384151602,
Tuvalu,TUV,2019,13.8220984406966,
Tuvalu,TUV,2020,-4.27493206901397,
Tuvalu,TUV,2021,1.8041359113616,
Tuvalu,TUV,2022,0.677309361438304,
Tuvalu,TUV,2023,3.85280919517032,
Tanzania,TZA,2000,4.52078463603256,5.92396109637479
Tanzania,TZA,2001,6.07080828734129,5.14746800222618
Tanzania,TZA,2002,7.09319498355502,5.31783366118203
Tanzania,TZA,2003,6.67278983053497,5.30356621509782
Tanzania,TZA,2004,7.50381465859829,4.73580143949058
Tanzania,TZA,2005,7.47631925974784,5.03457009267163
Tanzania,TZA,2006,6.53222138847813,7.25097262082546
Tanzania,TZA,2007,6.76853520293716,7.02551436974771
Tanzania,TZA,2008,5.68641685905224,10.2783937621135
Tanzania,TZA,2009,5.26910524873463,12.1422278742988
Tanzania,TZA,2010,6.33652342666889,6.20015595647403
Tanzania,TZA,2011,7.67215543486064,12.6909694699162
Tanzania,TZA,2012,4.50015356010131,16.0010938506338
Tanzania,TZA,2013,6.78158560065316,7.87072364573959
Tanzania,TZA,2014,6.73246186832483,6.13161432988012
Tanzania,TZA,2015,6.16062877406682,5.58816952959298
Tanzania,TZA,2016,6.86711619644551,5.17476629301493
Tanzania,TZA,2017,6.72726996832338,5.31871605228931
Tanzania,TZA,2018,5.50267599385063,3.49445848856181
Tanzania,TZA,2019,5.79999999996723,3.46428057999021
Tanzania,TZA,2020,1.99196460647855,3.29029062798325
Tanzania,TZA,2021,4.32138429480482,3.69091958802199
Tanzania,TZA,2022,4.56600576430955,4.35027204269101
Tanzania,TZA,2023,5.06952353203394,3.79923291384916
Uganda,UGA,2000,3.141907338187,3.39202158512998
Uganda,UGA,2001,5.18366112490236,1.86512524084773
Uganda,UGA,2002,8.73268576440127,-0.287508511765196
Uganda,UGA,2003,6.47325867166543,8.68047651566884
Uganda,UGA,2004,6.80723334361883,3.72128743978228
Uganda,UGA,2005,6.33256511623156,8.44872642299532
Uganda,UGA,2006,10.7847443857453,7.31067613561864
Uganda,UGA,2007,8.41242596551071,6.1385108328505
Uganda,UGA,2008,8.70875190154499,12.0508555482886
Uganda,UGA,2009,6.80151734860395,13.0172561889185
Uganda,UGA,2010,5.63761163749757,3.97655288478168
Uganda,UGA,2011,9.3916554927176,16.5643496174515
Uganda,UGA,2012,3.83745560605229,12.6790377224659
Uganda,UGA,2013,3.58690582623025,4.90520875694557
Uganda,UGA,2014,5.10630732539796,3.07570668958641
Uganda,UGA,2015,5.18785986002466,5.58968606251725
Uganda,UGA,2016,4.78100029254482,5.70637504616212
Uganda,UGA,2017,3.13140551723596,5.20971705914209
Uganda,UGA,2018,6.30392378262997,2.61601190952274
Uganda,UGA,2019,6.43874503276439,2.867588034469
Uganda,UGA,2020,2.95130642218098,3.31332289544502
Uganda,UGA,2021,3.53658034070898,2.20457204757414
Uganda,UGA,2022,4.58802192181773,7.1957888597581
Uganda,UGA,2023,5.33697295511469,5.35094804280395
Ukraine,UKR,2000,5.90000000024899,28.2030972388552
Ukraine,UKR,2001,8.80000000367222,11.9588085390459
Ukraine,UKR,2002,5.33964720719075,0.75742084639286
Ukraine,UKR,2003,9.51660986436364,5.17967781908315
Ukraine,UKR,2004,11.7953525281136,9.04806786050888
Ukraine,UKR,2005,3.07123039245209,13.5695764909248
Ukraine,UKR,2006,7.57142076322967,9.05252491133248
Ukraine,UKR,2007,8.21584445165715,12.8387796190181
Ukraine,UKR,2008,2.24349159628288,25.226461707384
Ukraine,UKR,2009,-15.1364679101502,15.8811924594476
Ukraine,UKR,2010,4.09200436668087,9.37293105078978
Ukraine,UKR,2011,5.44528081048476,7.95572466274652
Ukraine,UKR,2012,0.152314967200653,0.568727971803862
Ukraine,UKR,2013,0.045439094492707,-0.238948626045407
Ukraine,UKR,2014,-10.0788949840953,12.0718562874251
Ukraine,UKR,2015,-9.7729872128676,48.6998646434424
Ukraine,UKR,2016,2.44098194492067,13.9127101997797
Ukraine,UKR,2017,2.35997228099491,14.4383227488749
Ukraine,UKR,2018,3.48836234022659,10.9518559353178
Ukraine,UKR,2019,3.19950386354134,7.88671745611133
Ukraine,UKR,2020,-3.75281793983162,2.73249209419427
Ukraine,UKR,2021,3.44562065945944,9.36313917695223
Ukraine,UKR,2022,-28.7585842155085,20.1836366617478
Ukraine,UKR,2023,5.53473354963334,12.8490222828559
Uruguay,URY,2000,-1.92993063549235,4.76382472733251
Uruguay,URY,2001,-3.84412995940374,4.3593406521727
Uruguay,URY,2002,-7.73200721540044,13.9724725913515
Uruguay,URY,2003,0.805283915893824,19.3797301743995
Uruguay,URY,2004,5.00416035564457,9.15760507540997
Uruguay,URY,2005,7.4601321302473,4.6992773903564
Uruguay,URY,2006,4.09857735445401,6.39764974385131
Uruguay,URY,2007,6.54151084504817,8.11464561179313
Uruguay,URY,2008,7.17614466455107,7.87707374730888
Uruguay,URY,2009,4.24349419462426,7.06221874388574
Uruguay,URY,2010,7.8034096507169,6.69870886978132
Uruguay,URY,2011,5.16213302463606,8.0928320630299
Uruguay,URY,2012,3.53817872056869,8.09776580573602
Uruguay,URY,2013,4.63753862902416,8.57513504005397
Uruguay,URY,2014,3.23879122952364,8.87735333229828
Uruguay,URY,2015,0.370741257681345,8.66626987079328
Uruguay,URY,2016,1.68979822971775,9.6394134763508
Uruguay,URY,2017,1.74037643374211,6.2180938256186
Uruguay,URY,2018,0.164777608940113,7.60653360377047
Uruguay,URY,2019,0.928351141267498,7.88198870879619
Uruguay,URY,2020,-7.35732706484723,9.75640636078194
Uruguay,URY,2021,5.84427312558179,7.74791402314762
Uruguay,URY,2022,4.48622703072073,9.10437983075437
Uruguay,URY,2023,0.742128785315927,5.86910359896119
United States,USA,2000,4.07758575682804,3.37685727149929
United States,USA,2001,0.955538348341605,2.82617111885407
United States,USA,2002,1.70044732643726,1.58603162650601
United States,USA,2003,2.79560596320081,2.27009497336115
United States,USA,2004,3.84777169556921,2.67723669309172
United States,USA,2005,3.48354993555606,3.3927468454955
United States,USA,2006,2.78453963650701,3.22594410070404
United States,USA,2007,2.00385829784946,2.85267248150138
United States,USA,2008,0.113587249881704,3.839100296651
United States,USA,2009,-2.57650022958367,-0.355546266299747
United States,USA,2010,2.69519257744442,1.6400434423899
United States,USA,2011,1.56440685763506,3.156841568622
United States,USA,2012,2.28911338669843,2.06933726526067
United States,USA,2013,2.11783009790057,1.46483265562717
United States,USA,2014,2.52381981363968,1.62222297740817
United States,USA,2015,2.94555045484053,0.118627135552451
United States,USA,2016,1.81945147788167,1.26158320570536
United States,USA,2017,2.45762229852507,2.13011000365961
United States,USA,2018,2.96650506901305,2.44258329692817
United States,USA,2019,2.58382533412825,1.81221007526021
United States,USA,2020,-2.16302914036166,1.23358439630629
United States,USA,2021,6.05505293244555,4.69785886363742
United States,USA,2022,2.51237531986017,8.00279982052121
United States,USA,2023,2.88755600749487,4.11633838374488
Uzbekistan,UZB,2000,3.83500000014033,
Uzbekistan,UZB,2001,4.1638382499889,
Uzbekistan,UZB,2002,3.97348819235724,
Uzbekistan,UZB,2003,4.23262738154364,
Uzbekistan,UZB,2004,7.44900060559664,
Uzbekistan,UZB,2005,6.95000719569097,
Uzbekistan,UZB,2006,7.45141847621768,
Uzbekistan,UZB,2007,9.4730053054454,
Uzbekistan,UZB,2008,9.02916101784777,
Uzbekistan,UZB,2009,8.05093332733966,
Uzbekistan,UZB,2010,7.5971679610016,
Uzbekistan,UZB,2011,7.52513989422977,13.7797446476602
Uzbekistan,UZB,2012,7.10244488706317,13.2088026688373
Uzbekistan,UZB,2013,7.29655036969899,11.8414333622049
Uzbekistan,UZB,2014,6.8738384408164,9.28309356162695
Uzbekistan,UZB,2015,7.21877350820803,8.75188196737508
Uzbekistan,UZB,2016,5.93215079993293,8.130886695236
Uzbekistan,UZB,2017,4.39527463349263,13.8757425441635
Uzbekistan,UZB,2018,5.55919572919288,17.5241796514055
Uzbekistan,UZB,2019,6.77992399655236,14.5257359560687
Uzbekistan,UZB,2020,1.56334277260515,12.8677297362606
Uzbekistan,UZB,2021,8.03468312640049,10.8492397508122
Uzbekistan,UZB,2022,6.00134232203442,11.4466436998836
Uzbekistan,UZB,2023,6.29141635082311,9.95659071258018
St. Vincent and the Grenadines,VCT,2000,1.63903190394467,0.167679637488279
St. Vincent and the Grenadines,VCT,2001,1.74823102028898,0.9008584858665
St. Vincent and the Grenadines,VCT,2002,5.34212707436718,1.85550399046655
St. Vincent and the Grenadines,VCT,2003,6.69133665352797,0.205981708824254
St. Vincent and the Grenadines,VCT,2004,4.11469880444737,2.96003946719286
St. Vincent and the Grenadines,VCT,2005,2.48855733938132,3.7334291646702
St. Vincent and the Grenadines,VCT,2006,6.99692626758825,2.74067516070673
St. Vincent and the Grenadines,VCT,2007,3.3229685982929,7.23614701584807
St. Vincent and the Grenadines,VCT,2008,0.404640808638888,10.0662418245849
St. Vincent and the Grenadines,VCT,2009,-1.3781936056056,0.421539125687215
St. Vincent and the Grenadines,VCT,2010,-4.47046793507802,0.747109026311474
St. Vincent and the Grenadines,VCT,2011,-0.60627665148327,3.1860311155246
St. Vincent and the Grenadines,VCT,2012,1.16911218376478,2.59844414147101
St. Vincent and the Grenadines,VCT,2013,2.4624841721544,0.805127804267928
St. Vincent and the Grenadines,VCT,2014,1.1457271877622,0.193858560794015
St. Vincent and the Grenadines,VCT,2015,2.78509791763551,-1.73361194953959
St. Vincent and the Grenadines,VCT,2016,4.1496810046981,-0.149641647633284
St. Vincent and the Grenadines,VCT,2017,1.54810173239956,2.15333648840511
St. Vincent and the Grenadines,VCT,2018,3.1756114423991,2.32414485367921
St. Vincent and the Grenadines,VCT,2019,0.668428481084234,0.91306972532459
St. Vincent and the Grenadines,VCT,2020,-4.26892434422649,-0.628131309354654
St. Vincent and the Grenadines,VCT,2021,2.09340124465459,1.57272932500558
St. Vincent and the Grenadines,VCT,2022,3.1108330034352,5.66009779226552
St. Vincent and the Grenadines,VCT,2023,5.32636472098717,4.56457719814894
"Venezuela, RB",VEN,2000,3.6869441668769,
"Venezuela, RB",VEN,2001,3.39423610779077,
"Venezuela, RB",VEN,2002,-8.85564735286771,
"Venezuela, RB",VEN,2003,-7.75530004959877,
"Venezuela, RB",VEN,2004,18.2866066891244,
"Venezuela, RB",VEN,2005,10.3179138043147,
"Venezuela, RB",VEN,2006,9.87214910851037,
"Venezuela, RB",VEN,2007,8.75357880785845,
"Venezuela, RB",VEN,2008,5.27785412398785,
"Venezuela, RB",VEN,2009,-3.20230265749002,27.080941446613
"Venezuela, RB",VEN,2010,-1.48879125078356,28.1874647092039
"Venezuela, RB",VEN,2011,4.17642535923936,26.0902123160959
"Venezuela, RB",VEN,2012,5.62595697508632,21.0689956331876
"Venezuela, RB",VEN,2013,1.34309403607486,40.6394275161589
"Venezuela, RB",VEN,2014,-3.89438647450667,62.1686499794829
"Venezuela, RB",VEN,2015,-6.22137102671199,121.738085297503
"Venezuela, RB",VEN,2016,-17.0403345996548,254.948534781816
"Venezuela, RB",VEN,2017,-15.6714088720003,
"Venezuela, RB",VEN,2018,-19.6553415972227,
"Venezuela, RB",VEN,2019,-27.6579678662627,
"Venezuela, RB",VEN,2020,-29.9985699155957,
"Venezuela, RB",VEN,2021,0.955433428579269,
"Venezuela, RB",VEN,2022,8.00091310654791,
"Venezuela, RB",VEN,2023,4.00168591128376,
British Virgin Islands,VGB,2000,,
British Virgin Islands,VGB,2001,,
British Virgin Islands,VGB,2002,,
British Virgin Islands,VGB,2003,,
British Virgin Islands,VGB,2004,,
British Virgin Islands,VGB,2005,,
British Virgin Islands,VGB,2006,,
British Virgin Islands,VGB,2007,,
British Virgin Islands,VGB,2008,,
British Virgin Islands,VGB,2009,,
British Virgin Islands,VGB,2010,,
British Virgin Islands,VGB,2011,,
British Virgin Islands,VGB,2012,,
British Virgin Islands,VGB,2013,,
British Virgin Islands,VGB,2014,,
British Virgin Islands,VGB,2015,,
British Virgin Islands,VGB,2016,,
British Virgin Islands,VGB,2017,,
British Virgin Islands,VGB,2018,,
British Virgin Islands,VGB,2019,,
British Virgin Islands,VGB,2020,,
British Virgin Islands,VGB,2021,,
British Virgin Islands,VGB,2022,,
British Virgin Islands,VGB,2023,,
Virgin Islands (U.S.),VIR,2000,,
Virgin Islands (U.S.),VIR,2001,,
Virgin Islands (U.S.),VIR,2002,,
Virgin Islands (U.S.),VIR,2003,-0.396080883885759,
Virgin Islands (U.S.),VIR,2004,3.28589367936377,
Virgin Islands (U.S.),VIR,2005,3.4853090172239,
Virgin Islands (U.S.),VIR,2006,3.50499314666143,
Virgin Islands (U.S.),VIR,2007,4.01059402194477,
Virgin Islands (U.S.),VIR,2008,1.21862495452891,
Virgin Islands (U.S.),VIR,2009,-6.59478885893981,
Virgin Islands (U.S.),VIR,2010,0.596383224317051,
Virgin Islands (U.S.),VIR,2011,-8.20424555364315,
Virgin Islands (U.S.),VIR,2012,-14.8125,
Virgin Islands (U.S.),VIR,2013,-6.28515529469308,
Virgin Islands (U.S.),VIR,2014,-1.77453027139875,
Virgin Islands (U.S.),VIR,2015,-0.425079702444208,
Virgin Islands (U.S.),VIR,2016,1.6008537886873,
Virgin Islands (U.S.),VIR,2017,-0.735294117647058,
Virgin Islands (U.S.),VIR,2018,1.87830687830687,
Virgin Islands (U.S.),VIR,2019,2.90833549727343,
Virgin Islands (U.S.),VIR,2020,-1.61493817814787,
Virgin Islands (U.S.),VIR,2021,3.66760707873814,
Virgin Islands (U.S.),VIR,2022,-1.31123206333498,
Virgin Islands (U.S.),VIR,2023,,
Viet Nam,VNM,2000,6.78731640463151,-1.71033727851109
Viet Nam,VNM,2001,6.19289331233377,-0.43154451172818
Viet Nam,VNM,2002,6.32082099160833,3.83082838168467
Viet Nam,VNM,2003,6.89906349055258,3.23464817293927
Viet Nam,VNM,2004,7.53641060890386,7.75494748709601
Viet Nam,VNM,2005,7.54724772895918,8.28457243128677
Viet Nam,VNM,2006,6.97795481056711,7.41801715108463
Viet Nam,VNM,2007,7.12950448605439,8.34444889773837
Viet Nam,VNM,2008,5.66177120891362,23.1154483474477
Viet Nam,VNM,2009,5.39789754014181,6.71698269988629
Viet Nam,VNM,2010,6.42324482239482,9.20746648778413
Viet Nam,VNM,2011,6.41316889681683,18.6777322770707
Viet Nam,VNM,2012,5.5045447041189,9.09470339557192
Viet Nam,VNM,2013,5.55351081026072,6.59267475899192
Viet Nam,VNM,2014,6.42224312118567,4.08455446637617
Viet Nam,VNM,2015,6.98715430598611,0.631200905175754
Viet Nam,VNM,2016,6.69000892660424,2.66824816969082
Viet Nam,VNM,2017,6.94019037359206,3.52025688811617
Viet Nam,VNM,2018,7.46500685572751,3.53962805942641
Viet Nam,VNM,2019,7.35926270105006,2.7958236745225
Viet Nam,VNM,2020,2.86541320912272,3.22093436652514
Viet Nam,VNM,2021,2.55372852648131,1.83471554810444
Viet Nam,VNM,2022,8.53750046755788,3.15650749963129
Viet Nam,VNM,2023,5.06502391455075,3.25289282667662
Vanuatu,VUT,2000,5.92480905652914,2.53768844221106
Vanuatu,VUT,2001,-3.39758248938256,3.57755452095074
Vanuatu,VUT,2002,-5.19831875936035,1.96356754199195
Vanuatu,VUT,2003,4.28833511695458,3.01624129930394
Vanuatu,VUT,2004,3.98739280216962,1.41891891891893
Vanuatu,VUT,2005,5.30532647259227,1.19920053297801
Vanuatu,VUT,2006,8.46069747205426,2.04081632653062
Vanuatu,VUT,2007,2.8758922877538,3.93548387096774
Vanuatu,VUT,2008,5.60099182147214,4.84171322160149
Vanuatu,VUT,2009,3.03730354099602,4.29706572955357
Vanuatu,VUT,2010,1.25886720329326,2.76269469477348
Vanuatu,VUT,2011,3.13980290023412,0.8737931047811
Vanuatu,VUT,2012,1.01004768692042,1.34740362877658
Vanuatu,VUT,2013,0.463390415135095,1.45893371757921
Vanuatu,VUT,2014,2.5750403162878,0.798863838097023
Vanuatu,VUT,2015,3.96591946444873,2.48326875660439
Vanuatu,VUT,2016,3.47154471544715,0.842069084035061
Vanuatu,VUT,2017,4.41266598569969,3.08452624403546
Vanuatu,VUT,2018,2.90023027256446,2.33096379566866
Vanuatu,VUT,2019,3.24118765540442,2.76252019386111
Vanuatu,VUT,2020,-4.99249142889525,5.32935073101715
Vanuatu,VUT,2021,-1.55229489129462,2.34328358208953
Vanuatu,VUT,2022,5.18622862422562,6.67930581887121
Vanuatu,VUT,2023,2.093743250054,11.1825017088175
Samoa,WSM,2000,5.09304469244418,0.966782350024729
Samoa,WSM,2001,7.39012906172989,3.83828463867725
Samoa,WSM,2002,5.65195919890348,8.0503144654087
Samoa,WSM,2003,5.21262892634149,0.115830115830107
Samoa,WSM,2004,3.0872602379675,16.3131507905901
Samoa,WSM,2005,6.63920361300734,1.85676392572949
Samoa,WSM,2006,2.13212714677351,3.70008680555553
Samoa,WSM,2007,0.485982550017255,5.57706393219629
Samoa,WSM,2008,3.55610467395,11.565906838454
Samoa,WSM,2009,-0.541677601834593,6.32495336235228
Samoa,WSM,2010,6.1247199226125,0.777007268777692
Samoa,WSM,2011,3.84907794660396,5.23541591478434
Samoa,WSM,2012,-3.73213020890266,2.0490188352116
Samoa,WSM,2013,0.107293276488932,0.61008572090503
Samoa,WSM,2014,0.659923768782861,-0.40681608842489
Samoa,WSM,2015,3.8503618166494,0.724470134874729
Samoa,WSM,2016,7.9838628784713,1.30471869303179
Samoa,WSM,2017,1.40628239971301,1.74989677484705
Samoa,WSM,2018,-0.609647103380141,4.19745888663752
Samoa,WSM,2019,4.45185891688691,0.982326569888117
Samoa,WSM,2020,-3.10864485863991,-1.56891247740895
Samoa,WSM,2021,-5.04350521486909,3.13320473174494
Samoa,WSM,2022,2.26705055249026,10.9618822286844
Samoa,WSM,2023,15.2336106467304,7.92164684826777
Kosovo,XKX,2000,,
Kosovo,XKX,2001,,
Kosovo,XKX,2002,,
Kosovo,XKX,2003,,-1.08481262327414
Kosovo,XKX,2004,,-1.06472696605525
Kosovo,XKX,2005,,-1.38518913159299
Kosovo,XKX,2006,,0.621646938601728
Kosovo,XKX,2007,,4.35849695328369
Kosovo,XKX,2008,,9.35041764658178
Kosovo,XKX,2009,5.03485413839893,-2.41026401661229
Kosovo,XKX,2010,4.93995095961395,3.48050763735842
Kosovo,XKX,2011,6.31981022896761,7.3364177131527
Kosovo,XKX,2012,1.71219595890548,2.47673782156533
Kosovo,XKX,2013,5.34079911900278,1.76732428354892
Kosovo,XKX,2014,3.34880478431623,0.428957808324092
Kosovo,XKX,2015,5.91623128345211,-0.536929392740659
Kosovo,XKX,2016,5.57177504731632,0.273169431045468
Kosovo,XKX,2017,4.82565565298054,1.48823430592319
Kosovo,XKX,2018,3.40663227056285,1.05379773654991
Kosovo,XKX,2019,4.75680057007834,2.67599202639893
Kosovo,XKX,2020,-5.34027547826166,0.198227922994854
Kosovo,XKX,2021,10.7456560819583,3.35369139207997
Kosovo,XKX,2022,4.27849895827543,11.5805104542012
Kosovo,XKX,2023,4.06762701436438,4.94432438791283
"Yemen, Rep.",YEM,2000,6.1819155928913,4.58999999999981
"Yemen, Rep.",YEM,2001,3.80364587188127,11.9115912929855
"Yemen, Rep.",YEM,2002,3.9352315052778,12.2385339389711
"Yemen, Rep.",YEM,2003,3.74739818489111,10.8323607023242
"Yemen, Rep.",YEM,2004,3.972696401183,12.5150951495207
"Yemen, Rep.",YEM,2005,5.59174807563268,11.8112639374949
"Yemen, Rep.",YEM,2006,3.17040935922364,10.8447986914257
"Yemen, Rep.",YEM,2007,3.33842795605096,7.9051177898873
"Yemen, Rep.",YEM,2008,3.64756947012633,18.9762574318076
"Yemen, Rep.",YEM,2009,3.86622951587742,5.40776098077522
"Yemen, Rep.",YEM,2010,7.70128607527964,11.1748338605044
"Yemen, Rep.",YEM,2011,-12.7148969035133,19.5435617131144
"Yemen, Rep.",YEM,2012,2.39299021364694,9.88538714484871
"Yemen, Rep.",YEM,2013,4.82351908493912,10.9684421500198
"Yemen, Rep.",YEM,2014,-0.188690241954504,8.10472583623915
"Yemen, Rep.",YEM,2015,-27.9945462502541,
"Yemen, Rep.",YEM,2016,-9.37512379736752,
"Yemen, Rep.",YEM,2017,-5.07179568062152,
"Yemen, Rep.",YEM,2018,0.752447592962554,
"Yemen, Rep.",YEM,2019,,
"Yemen, Rep.",YEM,2020,,
"Yemen, Rep.",YEM,2021,,
"Yemen, Rep.",YEM,2022,,
"Yemen, Rep.",YEM,2023,,
South Africa,ZAF,2000,4.20000000067826,5.33895913599828
South Africa,ZAF,2001,2.70000000019104,5.70189483049608
South Africa,ZAF,2002,3.70037440406668,9.494713780996
South Africa,ZAF,2003,2.94907546754213,5.67942414068799
South Africa,ZAF,2004,4.55455990721774,-0.692039437857687
South Africa,ZAF,2005,5.27705197295467,2.06285308223427
South Africa,ZAF,2006,5.60380645895889,3.2439076541923
South Africa,ZAF,2007,5.36047405394162,6.17781214809388
South Africa,ZAF,2008,3.1910438863288,9.90998456005467
South Africa,ZAF,2009,-1.53808913525583,7.23809523809527
South Africa,ZAF,2010,3.03973288127956,4.06749555950263
South Africa,ZAF,2011,3.16855627858818,5.0008533879502
South Africa,ZAF,2012,2.39623238465745,5.73797139141739
South Africa,ZAF,2013,2.48546800826588,5.78016910069176
South Africa,ZAF,2014,1.41382645223793,6.13282953059149
South Africa,ZAF,2015,1.32186223678229,4.51869094892506
South Africa,ZAF,2016,0.664552307858116,6.60290842394872
South Africa,ZAF,2017,1.15794695181735,5.18618655524149
South Africa,ZAF,2018,1.55678384721676,4.50987264867388
South Africa,ZAF,2019,0.25993557687633,4.10285075461156
South Africa,ZAF,2020,-6.1689177146757,3.23238831615113
South Africa,ZAF,2021,4.85864865060148,4.61874544887136
South Africa,ZAF,2022,2.05813661692193,7.03987272546482
South Africa,ZAF,2023,0.80610455095804,6.0752438457966
Zambia,ZMB,2000,3.89732294341896,26.0304117888121
Zambia,ZMB,2001,5.31686827418419,21.3937821792546
Zambia,ZMB,2002,4.50601428032604,22.2333446430947
Zambia,ZMB,2003,6.94497398221223,21.4015783901995
Zambia,ZMB,2004,7.03239511515218,17.9677891087286
Zambia,ZMB,2005,7.23559900655543,18.324439701174
Zambia,ZMB,2006,7.90369444480079,9.01957247226486
Zambia,ZMB,2007,8.35243624447406,10.6573496000153
Zambia,ZMB,2008,7.77389581542363,12.4455793463192
Zambia,ZMB,2009,9.2203484058663,13.3952546325895
Zambia,ZMB,2010,10.2982233241213,8.50176133365265
Zambia,ZMB,2011,5.56925219263019,6.4293968107234
Zambia,ZMB,2012,7.59738104901994,6.57589970757698
Zambia,ZMB,2013,5.05753695047252,6.97767605490307
Zambia,ZMB,2014,4.69328316376705,7.80687553566333
Zambia,ZMB,2015,2.92037511217961,10.1105928909618
Zambia,ZMB,2016,3.75510031678988,17.8697300795268
Zambia,ZMB,2017,3.52586277149926,6.57731154205644
Zambia,ZMB,2018,4.03449389667165,7.4945719272852
Zambia,ZMB,2019,1.44130602603785,9.15031644316296
Zambia,ZMB,2020,-2.78505506545167,15.7330604721369
Zambia,ZMB,2021,6.23492204726448,22.0207676245777
Zambia,ZMB,2022,5.21122360356247,10.9932039209136
Zambia,ZMB,2023,5.36794285493059,10.884531691282
Zimbabwe,ZWE,2000,-3.05911780575599,
Zimbabwe,ZWE,2001,1.43951727721958,
Zimbabwe,ZWE,2002,-8.89401285792752,
Zimbabwe,ZWE,2003,-16.9950733355763,
Zimbabwe,ZWE,2004,-5.80753964196205,
Zimbabwe,ZWE,2005,-5.71112541241364,
Zimbabwe,ZWE,2006,-3.46140290336963,
Zimbabwe,ZWE,2007,-3.653250914872,
Zimbabwe,ZWE,2008,-17.6689987958491,
Zimbabwe,ZWE,2009,13.2720546167979,
Zimbabwe,ZWE,2010,19.6754077019323,3.02267002518892
Zimbabwe,ZWE,2011,14.1939156801139,3.4661297281749
Zimbabwe,ZWE,2012,16.6654290410337,3.72532666110646
Zimbabwe,ZWE,2013,1.98948554025198,1.63495041543822
Zimbabwe,ZWE,2014,2.37698561663417,-0.19778481012661
Zimbabwe,ZWE,2015,1.77985356392176,-2.43096842383404
Zimbabwe,ZWE,2016,0.75579405855224,-1.54366960054161
Zimbabwe,ZWE,2017,4.73441117758482,0.893962316050027
Zimbabwe,ZWE,2018,5.00992154297603,10.6188658669575
Zimbabwe,ZWE,2019,-6.33244976028571,255.304990757856
Zimbabwe,ZWE,2020,-7.81695060188729,557.201817362051
Zimbabwe,ZWE,2021,8.46801676808001,98.5461050920624
Zimbabwe,ZWE,2022,6.13926327570213,104.705170628667
Zimbabwe,ZWE,2023,5.3508687909833,
